time,sea_level_alt,sea_level_rec,sea_level_rec_err
1880.0417,NA,-183,24.2
1880.125,NA,-171.1,24.2
1880.2083,NA,-164.3,24.2
1880.2917,NA,-158.2,24.2
1880.375,NA,-158.7,24.2
1880.4583,NA,-159.6,24.2
1880.5417,NA,-159.6,24.2
1880.625,NA,-161.8,24.2
1880.7083,NA,-158.9,24.2
1880.7917,NA,-150.3,24.2
1880.875,NA,-144.5,24.2
1880.9583,NA,-134.7,24.2
1881.0417,NA,-136.4,24.2
1881.125,NA,-139.2,24.2
1881.2083,NA,-145.2,24.2
1881.2917,NA,-151.1,24.2
1881.375,NA,-152.2,24.2
1881.4583,NA,-154.2,24.2
1881.5417,NA,-147.7,24.2
1881.625,NA,-151.4,24.2
1881.7083,NA,-156,24.2
1881.7917,NA,-165.5,24.2
1881.875,NA,-167.9,24.2
1881.9583,NA,-169.9,24.2
1882.0417,NA,-167.8,24.2
1882.125,NA,-162,22.9
1882.2083,NA,-158.8,22.9
1882.2917,NA,-160.6,22.9
1882.375,NA,-164.5,22.9
1882.4583,NA,-165.2,22.9
1882.5417,NA,-167.3,22.9
1882.625,NA,-169,22.9
1882.7083,NA,-174.9,22.9
1882.7917,NA,-181.5,22.9
1882.875,NA,-182.5,22.9
1882.9583,NA,-184.5,22.9
1883.0417,NA,-179.9,22.8
1883.125,NA,-180,22.8
1883.2083,NA,-172.4,22.8
1883.2917,NA,-172.3,22.8
1883.375,NA,-164,22.8
1883.4583,NA,-163.6,22.8
1883.5417,NA,-161.1,22.8
1883.625,NA,-162,22.8
1883.7083,NA,-159.3,22.8
1883.7917,NA,-158.2,22.8
1883.875,NA,-153.2,22.8
1883.9583,NA,-149.1,22.8
1884.0417,NA,-142.5,22.2
1884.125,NA,-139.5,22.2
1884.2083,NA,-137,22.2
1884.2917,NA,-135.2,22.2
1884.375,NA,-136,22.2
1884.4583,NA,-140,22.2
1884.5417,NA,-143.3,22.2
1884.625,NA,-146.8,22.2
1884.7083,NA,-150.4,22.2
1884.7917,NA,-150.4,22.2
1884.875,NA,-154,22.2
1884.9583,NA,-149.9,22.2
1885.0417,NA,-153.1,22.2
1885.125,NA,-148.3,21.9
1885.2083,NA,-145.3,21.9
1885.2917,NA,-142.7,21.9
1885.375,NA,-143.1,21.9
1885.4583,NA,-142.7,21.9
1885.5417,NA,-148.4,21.9
1885.625,NA,-143.2,21.9
1885.7083,NA,-146.5,21.9
1885.7917,NA,-141.2,21.9
1885.875,NA,-143.3,21.9
1885.9583,NA,-145.1,21.9
1886.0417,NA,-147.3,20.8
1886.125,NA,-152.2,20.8
1886.2083,NA,-146.8,20.8
1886.2917,NA,-142,20.8
1886.375,NA,-134.7,20.8
1886.4583,NA,-135.4,20.8
1886.5417,NA,-140.8,20.8
1886.625,NA,-147.7,20.8
1886.7083,NA,-155.1,20.8
1886.7917,NA,-155.2,20.8
1886.875,NA,-157.9,20.8
1886.9583,NA,-155.8,20.8
1887.0417,NA,-162.2,20.7
1887.125,NA,-165.8,20.7
1887.2083,NA,-162.9,20.8
1887.2917,NA,-158.8,20.8
1887.375,NA,-151.9,20.8
1887.4583,NA,-147.1,20.8
1887.5417,NA,-147.3,20.8
1887.625,NA,-147.5,20.8
1887.7083,NA,-150.6,20.8
1887.7917,NA,-147.5,20.8
1887.875,NA,-148.8,20.8
1887.9583,NA,-148,20.8
1888.0417,NA,-155.3,20.8
1888.125,NA,-155.6,20.8
1888.2083,NA,-155,20.8
1888.2917,NA,-155.2,20.8
1888.375,NA,-154.2,20.8
1888.4583,NA,-151.6,20.8
1888.5417,NA,-149,20.8
1888.625,NA,-148.5,20.8
1888.7083,NA,-151.5,20.8
1888.7917,NA,-145,20.8
1888.875,NA,-146,20.8
1888.9583,NA,-146,20.8
1889.0417,NA,-151.1,20.8
1889.125,NA,-147.4,20.8
1889.2083,NA,-144.3,20.7
1889.2917,NA,-145,20.7
1889.375,NA,-145.9,20.7
1889.4583,NA,-145.8,20.7
1889.5417,NA,-147,20.7
1889.625,NA,-147.6,20.7
1889.7083,NA,-151.3,20.7
1889.7917,NA,-153.8,20.7
1889.875,NA,-157.6,20.7
1889.9583,NA,-157.2,20.7
1890.0417,NA,-152.3,20.7
1890.125,NA,-151.4,20.7
1890.2083,NA,-140,20.7
1890.2917,NA,-138.1,20.7
1890.375,NA,-135.3,20.7
1890.4583,NA,-140.2,20.7
1890.5417,NA,-144.2,20.7
1890.625,NA,-147.8,20.7
1890.7083,NA,-149.4,20.7
1890.7917,NA,-151.8,20.7
1890.875,NA,-155.9,20.7
1890.9583,NA,-163.9,20.7
1891.0417,NA,-162.9,20.7
1891.125,NA,-163.9,20.7
1891.2083,NA,-148.1,20.7
1891.2917,NA,-150.8,20.7
1891.375,NA,-145.4,20.7
1891.4583,NA,-148.4,20.7
1891.5417,NA,-143.8,20.7
1891.625,NA,-142.2,20.7
1891.7083,NA,-143.2,20.7
1891.7917,NA,-144.5,20.7
1891.875,NA,-148.2,20.7
1891.9583,NA,-148.8,20.7
1892.0417,NA,-145.8,20.7
1892.125,NA,-139.3,20.7
1892.2083,NA,-139.8,20.7
1892.2917,NA,-138.6,20.7
1892.375,NA,-143.1,20.7
1892.4583,NA,-141.6,20.7
1892.5417,NA,-145.8,20.7
1892.625,NA,-146.6,20.7
1892.7083,NA,-151.7,20.7
1892.7917,NA,-151.5,20.7
1892.875,NA,-156.3,20.7
1892.9583,NA,-152.4,20.7
1893.0417,NA,-147.5,20.2
1893.125,NA,-143.8,20.2
1893.2083,NA,-136.7,20.2
1893.2917,NA,-137.9,20.2
1893.375,NA,-139.2,20.2
1893.4583,NA,-140.5,20.2
1893.5417,NA,-140.7,20.2
1893.625,NA,-139,20.2
1893.7083,NA,-139,20.2
1893.7917,NA,-140.6,20.2
1893.875,NA,-145.1,20.2
1893.9583,NA,-145.6,21.6
1894.0417,NA,-148.4,21.6
1894.125,NA,-147.5,21.6
1894.2083,NA,-149.9,21.6
1894.2917,NA,-148.9,21.6
1894.375,NA,-152.1,21.6
1894.4583,NA,-152.7,21.6
1894.5417,NA,-154.5,21.6
1894.625,NA,-154.7,21.6
1894.7083,NA,-157.6,21.6
1894.7917,NA,-153.3,21.6
1894.875,NA,-151.4,21.6
1894.9583,NA,-140.8,21.6
1895.0417,NA,-138.9,21.6
1895.125,NA,-134.9,21.6
1895.2083,NA,-140,21.6
1895.2917,NA,-141.4,21.6
1895.375,NA,-148,21.6
1895.4583,NA,-142.3,21.6
1895.5417,NA,-141,21.6
1895.625,NA,-137.4,21.6
1895.7083,NA,-139.4,21.6
1895.7917,NA,-132.3,21.6
1895.875,NA,-135.8,21.6
1895.9583,NA,-138.8,21.6
1896.0417,NA,-148.4,21.6
1896.125,NA,-158.4,21.5
1896.2083,NA,-155.4,21.5
1896.2917,NA,-150.4,21.5
1896.375,NA,-144.1,21.5
1896.4583,NA,-135.3,21.1
1896.5417,NA,-138,21.1
1896.625,NA,-138.9,20.9
1896.7083,NA,-144.2,20.9
1896.7917,NA,-146.9,20.9
1896.875,NA,-149.7,20.9
1896.9583,NA,-152.1,20.9
1897.0417,NA,-149.5,20.8
1897.125,NA,-149.8,20.8
1897.2083,NA,-143.9,20.8
1897.2917,NA,-142.2,20.8
1897.375,NA,-132.6,20.8
1897.4583,NA,-130.8,20.3
1897.5417,NA,-127.1,20.3
1897.625,NA,-129.8,21
1897.7083,NA,-136.5,21
1897.7917,NA,-143.5,21
1897.875,NA,-158.1,21
1897.9583,NA,-155.5,21
1898.0417,NA,-149,19.7
1898.125,NA,-134.5,19.7
1898.2083,NA,-126.6,19.7
1898.2917,NA,-124.9,19.7
1898.375,NA,-123.6,19.7
1898.4583,NA,-129.7,19.7
1898.5417,NA,-133.4,19.7
1898.625,NA,-139.5,19.7
1898.7083,NA,-137.4,19.7
1898.7917,NA,-132.3,19.7
1898.875,NA,-128.4,19.7
1898.9583,NA,-127.3,19.7
1899.0417,NA,-126.7,19.4
1899.125,NA,-129,19.4
1899.2083,NA,-128,19.4
1899.2917,NA,-125,19.4
1899.375,NA,-127.9,19.4
1899.4583,NA,-128.6,19.4
1899.5417,NA,-131.9,19.4
1899.625,NA,-125.8,19.4
1899.7083,NA,-120.1,19.4
1899.7917,NA,-114.3,19.4
1899.875,NA,-117.1,19.4
1899.9583,NA,-122.5,19.4
1900.0417,NA,-128.9,18.3
1900.125,NA,-130.8,18.3
1900.2083,NA,-129.5,18.3
1900.2917,NA,-129.8,18.3
1900.375,NA,-127.3,18.3
1900.4583,NA,-128.2,18.3
1900.5417,NA,-130.5,18.3
1900.625,NA,-128.7,18.3
1900.7083,NA,-135.1,18.3
1900.7917,NA,-130.2,18.3
1900.875,NA,-132.1,18.3
1900.9583,NA,-130.1,18.3
1901.0417,NA,-132.8,18.3
1901.125,NA,-134.7,18.3
1901.2083,NA,-135,17.4
1901.2917,NA,-131,17.4
1901.375,NA,-135,17.4
1901.4583,NA,-133.7,17.4
1901.5417,NA,-136.2,17.4
1901.625,NA,-131,17.4
1901.7083,NA,-127,17.4
1901.7917,NA,-124.1,17.4
1901.875,NA,-122.6,17.4
1901.9583,NA,-123.3,17.5
1902.0417,NA,-122.6,17.4
1902.125,NA,-122.1,17.4
1902.2083,NA,-123.3,17.4
1902.2917,NA,-128,17.4
1902.375,NA,-132.3,17.4
1902.4583,NA,-132.9,17.4
1902.5417,NA,-131.7,17.3
1902.625,NA,-127.8,17.3
1902.7083,NA,-124.4,17.3
1902.7917,NA,-121.8,17.3
1902.875,NA,-121.3,17.3
1902.9583,NA,-122.8,17.3
1903.0417,NA,-121.2,17
1903.125,NA,-121.7,17
1903.2083,NA,-115,17
1903.2917,NA,-110.3,17
1903.375,NA,-109.8,17
1903.4583,NA,-110.6,17
1903.5417,NA,-116.2,17
1903.625,NA,-119.5,17
1903.7083,NA,-123.6,17
1903.7917,NA,-120.6,17
1903.875,NA,-124.2,16.7
1903.9583,NA,-121.5,17.1
1904.0417,NA,-125.9,17.1
1904.125,NA,-118.2,17.1
1904.2083,NA,-122.9,17.1
1904.2917,NA,-123.3,17.1
1904.375,NA,-128.3,16.8
1904.4583,NA,-126.6,16.8
1904.5417,NA,-130.2,16.8
1904.625,NA,-131.2,16.8
1904.7083,NA,-132.6,16.8
1904.7917,NA,-131.6,16.8
1904.875,NA,-132.3,16.8
1904.9583,NA,-134.8,16.8
1905.0417,NA,-138,15.4
1905.125,NA,-140.1,15.4
1905.2083,NA,-139.6,15.4
1905.2917,NA,-138.1,15.4
1905.375,NA,-136,15.4
1905.4583,NA,-134.4,15.4
1905.5417,NA,-132,15.4
1905.625,NA,-128.1,15.4
1905.7083,NA,-125.4,15.4
1905.7917,NA,-127.6,15.4
1905.875,NA,-130.7,15.4
1905.9583,NA,-134.8,15.4
1906.0417,NA,-131.8,14.7
1906.125,NA,-129.5,14.7
1906.2083,NA,-128.1,14.7
1906.2917,NA,-128.9,14.7
1906.375,NA,-125.5,14.7
1906.4583,NA,-124.1,14.7
1906.5417,NA,-122.3,14.7
1906.625,NA,-125.4,14.7
1906.7083,NA,-124.9,14.7
1906.7917,NA,-125.7,14.7
1906.875,NA,-127.6,14.7
1906.9583,NA,-128.8,14.9
1907.0417,NA,-129.5,14.9
1907.125,NA,-126.4,14.9
1907.2083,NA,-125.2,14.9
1907.2917,NA,-122.8,14.9
1907.375,NA,-125.1,14.9
1907.4583,NA,-123.2,14.9
1907.5417,NA,-126.4,14.9
1907.625,NA,-123.8,14.9
1907.7083,NA,-131.7,14.9
1907.7917,NA,-133.1,14.9
1907.875,NA,-137.6,14.9
1907.9583,NA,-134.5,14.9
1908.0417,NA,-131.1,14.5
1908.125,NA,-129.1,14.5
1908.2083,NA,-129.2,14.5
1908.2917,NA,-131.4,14.5
1908.375,NA,-132.5,14.5
1908.4583,NA,-127.9,14.5
1908.5417,NA,-127.3,14.5
1908.625,NA,-124.9,14.5
1908.7083,NA,-130.1,14.5
1908.7917,NA,-134.3,14.3
1908.875,NA,-136.3,14.3
1908.9583,NA,-135.4,14.3
1909.0417,NA,-127.7,14.3
1909.125,NA,-125.1,14.3
1909.2083,NA,-120.6,14.3
1909.2917,NA,-123.4,14.3
1909.375,NA,-126.2,14.3
1909.4583,NA,-130.8,14.3
1909.5417,NA,-129,14.3
1909.625,NA,-129.8,14.3
1909.7083,NA,-126.3,15.1
1909.7917,NA,-126.4,15.1
1909.875,NA,-124.5,15.1
1909.9583,NA,-125.9,15.1
1910.0417,NA,-127.3,15.1
1910.125,NA,-130.6,15.1
1910.2083,NA,-129.9,14.9
1910.2917,NA,-129.5,14.9
1910.375,NA,-124.7,14.9
1910.4583,NA,-124,14.9
1910.5417,NA,-121.8,14.9
1910.625,NA,-124.4,14.1
1910.7083,NA,-124.4,14.1
1910.7917,NA,-126.4,14.1
1910.875,NA,-126.6,14.1
1910.9583,NA,-127.4,14.3
1911.0417,NA,-127.4,14.3
1911.125,NA,-123.9,14.3
1911.2083,NA,-121.1,14.3
1911.2917,NA,-120.6,14.3
1911.375,NA,-121.8,14.3
1911.4583,NA,-121.2,14.3
1911.5417,NA,-120.1,14.1
1911.625,NA,-114.1,14.1
1911.7083,NA,-111.2,14
1911.7917,NA,-108.1,14
1911.875,NA,-112.7,14
1911.9583,NA,-114.5,14.1
1912.0417,NA,-121.9,14.1
1912.125,NA,-123.7,14.1
1912.2083,NA,-127.2,14.1
1912.2917,NA,-127.1,14.1
1912.375,NA,-126,14.1
1912.4583,NA,-120.7,14.1
1912.5417,NA,-119.9,14.1
1912.625,NA,-118.6,14.2
1912.7083,NA,-119.1,14.2
1912.7917,NA,-118.7,14.4
1912.875,NA,-116.7,14.4
1912.9583,NA,-114.4,14.3
1913.0417,NA,-119.8,14.3
1913.125,NA,-123.2,14
1913.2083,NA,-128.2,14
1913.2917,NA,-127.7,14
1913.375,NA,-126,14
1913.4583,NA,-120.7,14
1913.5417,NA,-117.2,14
1913.625,NA,-114.3,14
1913.7083,NA,-114,14
1913.7917,NA,-114.8,14
1913.875,NA,-110.8,14
1913.9583,NA,-116,14.2
1914.0417,NA,-110.9,14.2
1914.125,NA,-117,14.2
1914.2083,NA,-115.3,14.2
1914.2917,NA,-118.1,13.7
1914.375,NA,-116.8,13.7
1914.4583,NA,-119.9,13.7
1914.5417,NA,-119.7,13.7
1914.625,NA,-122.5,13.7
1914.7083,NA,-117,13.7
1914.7917,NA,-111.8,13.7
1914.875,NA,-99,13.7
1914.9583,NA,-88.6,13.7
1915.0417,NA,-83.7,13.6
1915.125,NA,-85.2,13.6
1915.2083,NA,-93.1,13.6
1915.2917,NA,-102.3,13.6
1915.375,NA,-108.5,13.6
1915.4583,NA,-111.1,13.6
1915.5417,NA,-113.6,13.6
1915.625,NA,-114.4,13.6
1915.7083,NA,-115.4,13.6
1915.7917,NA,-115.2,13.6
1915.875,NA,-109.7,13.6
1915.9583,NA,-110,13.8
1916.0417,NA,-103.7,13
1916.125,NA,-106.3,13
1916.2083,NA,-101.1,13
1916.2917,NA,-104.1,13
1916.375,NA,-102.8,12.9
1916.4583,NA,-108,12.9
1916.5417,NA,-111.7,12.9
1916.625,NA,-115.9,12.9
1916.7083,NA,-113.6,12.9
1916.7917,NA,-111.7,13.1
1916.875,NA,-103.8,13.1
1916.9583,NA,-102.7,13.1
1917.0417,NA,-102.8,13
1917.125,NA,-109.1,12.8
1917.2083,NA,-112.4,12.8
1917.2917,NA,-115.9,12.8
1917.375,NA,-115.1,12.8
1917.4583,NA,-113.9,12.8
1917.5417,NA,-110.1,12.8
1917.625,NA,-110.7,12.8
1917.7083,NA,-111.5,12.8
1917.7917,NA,-113.1,12.8
1917.875,NA,-113.7,12.8
1917.9583,NA,-111.3,12.8
1918.0417,NA,-109.7,12.7
1918.125,NA,-113.5,12.7
1918.2083,NA,-115.2,12.7
1918.2917,NA,-117.1,12.7
1918.375,NA,-114.6,12.7
1918.4583,NA,-112.7,12.7
1918.5417,NA,-112.1,12.7
1918.625,NA,-113.6,12.7
1918.7083,NA,-109.9,12.7
1918.7917,NA,-112,12.7
1918.875,NA,-111.8,12.7
1918.9583,NA,-116.4,12.7
1919.0417,NA,-118.1,12.6
1919.125,NA,-119.9,12.6
1919.2083,NA,-118.3,12.7
1919.2917,NA,-115.4,12.7
1919.375,NA,-112.7,12.7
1919.4583,NA,-106.2,12.7
1919.5417,NA,-107,12.7
1919.625,NA,-103.5,12.7
1919.7083,NA,-105.2,12.7
1919.7917,NA,-108.5,12.6
1919.875,NA,-109.9,12.6
1919.9583,NA,-114.4,13
1920.0417,NA,-114.9,13
1920.125,NA,-116.9,13
1920.2083,NA,-116.2,13
1920.2917,NA,-112.1,13
1920.375,NA,-107.4,13
1920.4583,NA,-103.6,13
1920.5417,NA,-103.2,13
1920.625,NA,-106,13
1920.7083,NA,-109.6,13
1920.7917,NA,-110.8,13
1920.875,NA,-112.2,13
1920.9583,NA,-110.1,13.3
1921.0417,NA,-110,13.1
1921.125,NA,-106.9,13.1
1921.2083,NA,-105.5,13.1
1921.2917,NA,-104.1,13.1
1921.375,NA,-102.1,13.1
1921.4583,NA,-103.5,13.1
1921.5417,NA,-105.1,13.1
1921.625,NA,-111.3,13.1
1921.7083,NA,-114.2,13.1
1921.7917,NA,-113.1,13.1
1921.875,NA,-113.6,13.1
1921.9583,NA,-109.4,13.1
1922.0417,NA,-111,13.1
1922.125,NA,-106.7,13.1
1922.2083,NA,-108,13.1
1922.2917,NA,-107,13.1
1922.375,NA,-105.9,13.1
1922.4583,NA,-106.2,13.2
1922.5417,NA,-111.3,13.2
1922.625,NA,-114.7,13.2
1922.7083,NA,-116.4,13.2
1922.7917,NA,-112.5,13.2
1922.875,NA,-106.6,13.2
1922.9583,NA,-103.2,13.3
1923.0417,NA,-104.6,13
1923.125,NA,-109.2,13
1923.2083,NA,-107.9,13
1923.2917,NA,-103.6,13
1923.375,NA,-99.3,12.9
1923.4583,NA,-101.9,12.9
1923.5417,NA,-107.5,12.9
1923.625,NA,-110.5,12.9
1923.7083,NA,-110.5,12.9
1923.7917,NA,-109.7,12.9
1923.875,NA,-113.9,12.9
1923.9583,NA,-116.7,13
1924.0417,NA,-118,13
1924.125,NA,-112.7,13
1924.2083,NA,-113.4,13
1924.2917,NA,-111.8,13
1924.375,NA,-115.2,13
1924.4583,NA,-115.3,13.1
1924.5417,NA,-116.8,13.1
1924.625,NA,-116.1,13.1
1924.7083,NA,-115.6,13.2
1924.7917,NA,-115.7,13.2
1924.875,NA,-117,13
1924.9583,NA,-115.2,13.6
1925.0417,NA,-112.3,13.6
1925.125,NA,-110.6,13.6
1925.2083,NA,-112.5,13.6
1925.2917,NA,-115.3,13.6
1925.375,NA,-114.8,13.6
1925.4583,NA,-115,13.6
1925.5417,NA,-115.3,13.6
1925.625,NA,-116.3,13.6
1925.7083,NA,-115,13.6
1925.7917,NA,-112.9,13.6
1925.875,NA,-110.9,13.6
1925.9583,NA,-107.4,14.2
1926.0417,NA,-111.3,14.1
1926.125,NA,-112.2,14.1
1926.2083,NA,-115.4,13.7
1926.2917,NA,-112.3,13.7
1926.375,NA,-110.3,13.7
1926.4583,NA,-107.7,13.7
1926.5417,NA,-104.5,13.6
1926.625,NA,-97.9,13.6
1926.7083,NA,-97.2,13.6
1926.7917,NA,-96.3,13.6
1926.875,NA,-105.8,13.6
1926.9583,NA,-109.4,13.6
1927.0417,NA,-113.4,13.2
1927.125,NA,-109.1,13.2
1927.2083,NA,-107.2,13.2
1927.2917,NA,-104.9,13.2
1927.375,NA,-105.3,13.1
1927.4583,NA,-104.5,13.1
1927.5417,NA,-106.3,13.1
1927.625,NA,-103.7,12.5
1927.7083,NA,-109.6,12.5
1927.7917,NA,-106.9,12.5
1927.875,NA,-110.7,12.5
1927.9583,NA,-111.5,12.5
1928.0417,NA,-117.7,12.5
1928.125,NA,-117.6,12.4
1928.2083,NA,-115.7,12.3
1928.2917,NA,-110.4,12.3
1928.375,NA,-108.9,12.3
1928.4583,NA,-106.3,12.3
1928.5417,NA,-106,12.3
1928.625,NA,-105.6,12.3
1928.7083,NA,-106.1,12.3
1928.7917,NA,-111.2,12.3
1928.875,NA,-115.6,12.3
1928.9583,NA,-118.7,12.3
1929.0417,NA,-120.8,12.3
1929.125,NA,-115.8,12.4
1929.2083,NA,-113.3,12.4
1929.2917,NA,-107.4,12.1
1929.375,NA,-109.9,12.1
1929.4583,NA,-106.1,12.1
1929.5417,NA,-106,12.1
1929.625,NA,-106.4,12.1
1929.7083,NA,-107,12.1
1929.7917,NA,-109.4,12.1
1929.875,NA,-109.2,12.1
1929.9583,NA,-112.1,12.1
1930.0417,NA,-110.8,12
1930.125,NA,-112.3,12
1930.2083,NA,-112.3,12
1930.2917,NA,-114.3,11.9
1930.375,NA,-112.7,11.9
1930.4583,NA,-105.7,11.9
1930.5417,NA,-98.2,11.9
1930.625,NA,-96.1,11.9
1930.7083,NA,-98.5,11.9
1930.7917,NA,-101.5,11.9
1930.875,NA,-105.6,11.9
1930.9583,NA,-107.8,12.2
1931.0417,NA,-106.9,12.2
1931.125,NA,-109.1,12.2
1931.2083,NA,-106.6,12.2
1931.2917,NA,-108.5,12.2
1931.375,NA,-106.4,12.2
1931.4583,NA,-105.9,12.2
1931.5417,NA,-101.9,12.2
1931.625,NA,-103.7,12.2
1931.7083,NA,-106,12.2
1931.7917,NA,-109,12.2
1931.875,NA,-109.9,12.2
1931.9583,NA,-106.5,12.2
1932.0417,NA,-104.1,11.9
1932.125,NA,-100.8,11.9
1932.2083,NA,-101.8,11.9
1932.2917,NA,-100.5,11.9
1932.375,NA,-102.2,11.9
1932.4583,NA,-102.3,11.9
1932.5417,NA,-101.5,11.9
1932.625,NA,-102.9,11.9
1932.7083,NA,-100.3,11.9
1932.7917,NA,-100.7,11.9
1932.875,NA,-98.2,11.8
1932.9583,NA,-97.1,11.9
1933.0417,NA,-93.8,11.8
1933.125,NA,-93,11.8
1933.2083,NA,-92.4,11.8
1933.2917,NA,-92.6,11.8
1933.375,NA,-95.2,11.8
1933.4583,NA,-94.5,11.8
1933.5417,NA,-99,11.8
1933.625,NA,-97.7,11.8
1933.7083,NA,-99,11.8
1933.7917,NA,-98.7,11.7
1933.875,NA,-102.2,11.7
1933.9583,NA,-102.2,12
1934.0417,NA,-101.5,11.9
1934.125,NA,-99.1,11.8
1934.2083,NA,-96.7,11.8
1934.2917,NA,-97.8,11.8
1934.375,NA,-98.7,11.8
1934.4583,NA,-102.7,11.8
1934.5417,NA,-103.3,11.8
1934.625,NA,-107.3,11.8
1934.7083,NA,-105.8,11.8
1934.7917,NA,-108.5,11.8
1934.875,NA,-102.6,11.8
1934.9583,NA,-100.5,12
1935.0417,NA,-95.5,12
1935.125,NA,-93.3,12
1935.2083,NA,-92.9,12
1935.2917,NA,-91.7,12
1935.375,NA,-95,11.8
1935.4583,NA,-94.3,11.8
1935.5417,NA,-95.3,11.8
1935.625,NA,-96.1,11.8
1935.7083,NA,-98.4,11.8
1935.7917,NA,-101.3,11.8
1935.875,NA,-102.8,11.8
1935.9583,NA,-101,11.8
1936.0417,NA,-97.1,11.7
1936.125,NA,-94.7,11.7
1936.2083,NA,-99.2,11.7
1936.2917,NA,-102.5,11.7
1936.375,NA,-104.4,11.8
1936.4583,NA,-101.9,11.8
1936.5417,NA,-102.9,11.8
1936.625,NA,-100.9,11.8
1936.7083,NA,-103.6,11.8
1936.7917,NA,-99.3,11.8
1936.875,NA,-100.6,11.8
1936.9583,NA,-97.6,11.9
1937.0417,NA,-98.9,11.8
1937.125,NA,-93.9,11.8
1937.2083,NA,-95.5,11.8
1937.2917,NA,-93.5,11.8
1937.375,NA,-94.9,11.9
1937.4583,NA,-96.9,11.8
1937.5417,NA,-96.6,11.8
1937.625,NA,-97.4,11.8
1937.7083,NA,-93.9,11.8
1937.7917,NA,-93.4,11.8
1937.875,NA,-91.5,11.8
1937.9583,NA,-89.9,11.8
1938.0417,NA,-87.7,11.7
1938.125,NA,-86.4,11.7
1938.2083,NA,-85.9,11.7
1938.2917,NA,-88,11.7
1938.375,NA,-93.7,11.7
1938.4583,NA,-96.8,11.7
1938.5417,NA,-101.3,11.7
1938.625,NA,-97.8,11.7
1938.7083,NA,-96.1,11.7
1938.7917,NA,-90.7,11.7
1938.875,NA,-89.9,11.7
1938.9583,NA,-90.6,12.6
1939.0417,NA,-90,12.4
1939.125,NA,-94.4,12.4
1939.2083,NA,-91.8,12.4
1939.2917,NA,-89.7,12.4
1939.375,NA,-84.4,12.4
1939.4583,NA,-77.7,12.1
1939.5417,NA,-77.6,12.1
1939.625,NA,-80.4,12.1
1939.7083,NA,-86.9,12.1
1939.7917,NA,-91,12
1939.875,NA,-89.4,12
1939.9583,NA,-89.2,12.1
1940.0417,NA,-88.3,11.1
1940.125,NA,-89.5,11.1
1940.2083,NA,-91.2,11.1
1940.2917,NA,-95.9,11
1940.375,NA,-96.6,11
1940.4583,NA,-101,11
1940.5417,NA,-99.1,11
1940.625,NA,-96.2,11
1940.7083,NA,-92.2,11
1940.7917,NA,-87.9,11
1940.875,NA,-84.7,11
1940.9583,NA,-83.7,11
1941.0417,NA,-84.4,10.9
1941.125,NA,-81.2,10.9
1941.2083,NA,-80.8,10.9
1941.2917,NA,-79.4,10.9
1941.375,NA,-81.3,10.8
1941.4583,NA,-81.3,10.8
1941.5417,NA,-78.3,10.8
1941.625,NA,-73.9,10.8
1941.7083,NA,-74.4,10.8
1941.7917,NA,-77.8,10.8
1941.875,NA,-83.5,10.8
1941.9583,NA,-83.6,10.9
1942.0417,NA,-85.2,10.9
1942.125,NA,-84.2,10.8
1942.2083,NA,-85.5,10.8
1942.2917,NA,-86,10.8
1942.375,NA,-84.8,10.8
1942.4583,NA,-81.8,10.8
1942.5417,NA,-78.4,10.9
1942.625,NA,-75.4,10.8
1942.7083,NA,-73.5,10.8
1942.7917,NA,-74.4,10.8
1942.875,NA,-74.5,10.8
1942.9583,NA,-76.9,10.8
1943.0417,NA,-74.4,10.8
1943.125,NA,-73.6,10.8
1943.2083,NA,-74.1,10.8
1943.2917,NA,-74.3,10.8
1943.375,NA,-78.4,10.7
1943.4583,NA,-78.2,10.7
1943.5417,NA,-82.3,10.7
1943.625,NA,-82.8,10.7
1943.7083,NA,-84.2,10.7
1943.7917,NA,-84.9,10.7
1943.875,NA,-86.1,10.7
1943.9583,NA,-86.7,11.2
1944.0417,NA,-83.2,10.9
1944.125,NA,-77.1,10.9
1944.2083,NA,-74.4,10.8
1944.2917,NA,-79,10.7
1944.375,NA,-86.3,10.6
1944.4583,NA,-92.1,10.6
1944.5417,NA,-94.9,10.6
1944.625,NA,-95.1,10.6
1944.7083,NA,-93.2,10.6
1944.7917,NA,-90.2,10.6
1944.875,NA,-86.5,10.6
1944.9583,NA,-85.3,10.6
1945.0417,NA,-84.3,10.6
1945.125,NA,-84.6,10.6
1945.2083,NA,-85.4,10.6
1945.2917,NA,-84.1,10.6
1945.375,NA,-82.8,10.6
1945.4583,NA,-78.8,10.6
1945.5417,NA,-82.8,10.6
1945.625,NA,-83,10.7
1945.7083,NA,-87.3,10.8
1945.7917,NA,-84.8,10.8
1945.875,NA,-84.5,10.8
1945.9583,NA,-81.2,11
1946.0417,NA,-82.3,10.9
1946.125,NA,-78.4,10.9
1946.2083,NA,-79.2,10.9
1946.2917,NA,-75.3,10.9
1946.375,NA,-72.8,10.8
1946.4583,NA,-69.8,10.8
1946.5417,NA,-68.5,10.4
1946.625,NA,-71,10.4
1946.7083,NA,-74.9,10.4
1946.7917,NA,-78.4,10.4
1946.875,NA,-81,10.4
1946.9583,NA,-81.7,10.2
1947.0417,NA,-82.3,10
1947.125,NA,-80.1,10
1947.2083,NA,-77.5,9.8
1947.2917,NA,-79.8,9.7
1947.375,NA,-79.2,9.5
1947.4583,NA,-77.2,9.5
1947.5417,NA,-74.5,9.5
1947.625,NA,-71.9,9.5
1947.7083,NA,-68.5,9.5
1947.7917,NA,-64,9.5
1947.875,NA,-59.3,9.5
1947.9583,NA,-61,9.5
1948.0417,NA,-63.9,9.3
1948.125,NA,-68.4,9.3
1948.2083,NA,-70.5,9.3
1948.2917,NA,-70.5,9.3
1948.375,NA,-69.2,9.3
1948.4583,NA,-69.3,9.3
1948.5417,NA,-67.7,9.3
1948.625,NA,-69.7,9.3
1948.7083,NA,-68.3,9.2
1948.7917,NA,-68.7,9.1
1948.875,NA,-66.8,9.2
1948.9583,NA,-65.6,9.2
1949.0417,NA,-64,8.8
1949.125,NA,-63.6,8.8
1949.2083,NA,-67.2,8.8
1949.2917,NA,-69.8,8.8
1949.375,NA,-71.9,8.8
1949.4583,NA,-72.2,8.2
1949.5417,NA,-73.3,8.2
1949.625,NA,-72,8.2
1949.7083,NA,-73.4,8.2
1949.7917,NA,-69.7,8.3
1949.875,NA,-69.2,8.1
1949.9583,NA,-67.7,8.1
1950.0417,NA,-69.6,8
1950.125,NA,-70.8,7.9
1950.2083,NA,-70.9,7.9
1950.2917,NA,-68.8,7.9
1950.375,NA,-68.3,7.9
1950.4583,NA,-67.9,7.9
1950.5417,NA,-68.5,7.9
1950.625,NA,-69.2,7.9
1950.7083,NA,-67.5,7.9
1950.7917,NA,-64.7,7.9
1950.875,NA,-61.9,7.9
1950.9583,NA,-59.5,7.9
1951.0417,NA,-60.9,7.8
1951.125,NA,-56.9,7.8
1951.2083,NA,-51.6,7.8
1951.2917,NA,-51,7.8
1951.375,NA,-50.7,7.7
1951.4583,NA,-55.8,7.7
1951.5417,NA,-59.4,7.7
1951.625,NA,-63,7.7
1951.7083,NA,-61.7,7.7
1951.7917,NA,-61.6,7.7
1951.875,NA,-59.8,7.7
1951.9583,NA,-61.6,7.7
1952.0417,NA,-62.2,7.7
1952.125,NA,-62.7,7.7
1952.2083,NA,-64.4,7.7
1952.2917,NA,-64.2,7.7
1952.375,NA,-63.6,7.7
1952.4583,NA,-61.1,7.7
1952.5417,NA,-62.2,7.7
1952.625,NA,-61.4,7.7
1952.7083,NA,-59.1,7.6
1952.7917,NA,-57.8,7.6
1952.875,NA,-53.2,7.6
1952.9583,NA,-52.7,7.6
1953.0417,NA,-53.1,7.5
1953.125,NA,-56,7.5
1953.2083,NA,-57.8,7.5
1953.2917,NA,-55.8,7.5
1953.375,NA,-52.5,7.5
1953.4583,NA,-49.9,7.4
1953.5417,NA,-52.4,7.5
1953.625,NA,-55,7.5
1953.7083,NA,-57.6,7.4
1953.7917,NA,-59.8,7.4
1953.875,NA,-60.5,7.4
1953.9583,NA,-61.2,7.4
1954.0417,NA,-59,7.4
1954.125,NA,-57.6,7.4
1954.2083,NA,-56.9,7.4
1954.2917,NA,-59.2,7.3
1954.375,NA,-58.9,7.3
1954.4583,NA,-61.8,7.3
1954.5417,NA,-64.4,7.3
1954.625,NA,-65.2,7.3
1954.7083,NA,-62.9,7.3
1954.7917,NA,-58,7.3
1954.875,NA,-52.8,7.3
1954.9583,NA,-50.5,7.3
1955.0417,NA,-48.8,7.2
1955.125,NA,-49.1,7.1
1955.2083,NA,-52.4,7.1
1955.2917,NA,-56.5,7.1
1955.375,NA,-61.2,7.1
1955.4583,NA,-64.2,7.1
1955.5417,NA,-66.3,7.1
1955.625,NA,-63.1,7.1
1955.7083,NA,-62,7.1
1955.7917,NA,-57.5,7.1
1955.875,NA,-57,7.1
1955.9583,NA,-57.6,7.1
1956.0417,NA,-58.6,7.1
1956.125,NA,-62.2,7.1
1956.2083,NA,-61.4,7.1
1956.2917,NA,-58.5,7.1
1956.375,NA,-58.5,7
1956.4583,NA,-60,7
1956.5417,NA,-64.9,7
1956.625,NA,-66.1,7
1956.7083,NA,-66.8,7
1956.7917,NA,-67.2,7
1956.875,NA,-67.3,7
1956.9583,NA,-65.9,7.2
1957.0417,NA,-61.3,7.1
1957.125,NA,-53.1,7.1
1957.2083,NA,-48.9,7.1
1957.2917,NA,-47.2,7.1
1957.375,NA,-45.5,7.1
1957.4583,NA,-45.4,7.1
1957.5417,NA,-45.7,6.8
1957.625,NA,-48.8,6.8
1957.7083,NA,-49.6,6.8
1957.7917,NA,-50.7,6.8
1957.875,NA,-49.5,6.8
1957.9583,NA,-50.5,6.8
1958.0417,NA,-48.5,6.7
1958.125,NA,-49,6.7
1958.2083,NA,-48.9,6.7
1958.2917,NA,-51.4,6.7
1958.375,NA,-50.9,6.7
1958.4583,NA,-51,6.7
1958.5417,NA,-49.8,6.6
1958.625,NA,-49.2,6.6
1958.7083,NA,-47.9,6.6
1958.7917,NA,-45.6,6.6
1958.875,NA,-44.2,6.6
1958.9583,NA,-43.3,6.6
1959.0417,NA,-45.4,6.5
1959.125,NA,-48.7,6.5
1959.2083,NA,-50.8,6.5
1959.2917,NA,-50.1,6.5
1959.375,NA,-49.7,6.5
1959.4583,NA,-48.3,6.5
1959.5417,NA,-48,6.5
1959.625,NA,-45.6,6.5
1959.7083,NA,-46.6,6.5
1959.7917,NA,-45,6.5
1959.875,NA,-49.4,6.6
1959.9583,NA,-48.6,6.6
1960.0417,NA,-48.9,6.6
1960.125,NA,-44.9,6.6
1960.2083,NA,-45.1,6.6
1960.2917,NA,-43.1,6.6
1960.375,NA,-42.5,6.6
1960.4583,NA,-42.9,6.6
1960.5417,NA,-44.1,6.6
1960.625,NA,-44.9,6.6
1960.7083,NA,-45.4,6.6
1960.7917,NA,-44.7,6.6
1960.875,NA,-43.9,6.6
1960.9583,NA,-40.8,6.6
1961.0417,NA,-38,6.6
1961.125,NA,-33.2,6.6
1961.2083,NA,-32.8,6.6
1961.2917,NA,-32.4,6.6
1961.375,NA,-34.8,6.6
1961.4583,NA,-36.9,6.6
1961.5417,NA,-37.8,6.6
1961.625,NA,-38.8,6.6
1961.7083,NA,-40,6.6
1961.7917,NA,-43.1,6.6
1961.875,NA,-45.1,6.6
1961.9583,NA,-44.2,6.7
1962.0417,NA,-44.3,6.7
1962.125,NA,-42.8,6.7
1962.2083,NA,-44.1,6.6
1962.2917,NA,-44.6,6.6
1962.375,NA,-45.4,6.6
1962.4583,NA,-45.1,6.6
1962.5417,NA,-46.6,6.6
1962.625,NA,-43.7,6.6
1962.7083,NA,-42.3,6.6
1962.7917,NA,-39.1,6.6
1962.875,NA,-40.1,6.6
1962.9583,NA,-41.7,6.7
1963.0417,NA,-40.5,6.6
1963.125,NA,-40.7,6.6
1963.2083,NA,-40.8,6.6
1963.2917,NA,-42.8,6.6
1963.375,NA,-44.2,6.7
1963.4583,NA,-45.7,6.7
1963.5417,NA,-47,6.7
1963.625,NA,-48.3,6.7
1963.7083,NA,-45.9,6.6
1963.7917,NA,-47.1,6.6
1963.875,NA,-45.3,6.6
1963.9583,NA,-50.8,6.6
1964.0417,NA,-55,6.6
1964.125,NA,-59.3,6.6
1964.2083,NA,-60.2,6.6
1964.2917,NA,-60.7,6.6
1964.375,NA,-56.2,6.6
1964.4583,NA,-50.8,6.7
1964.5417,NA,-46.8,6.7
1964.625,NA,-46.6,6.7
1964.7083,NA,-48.5,6.7
1964.7917,NA,-51.3,6.7
1964.875,NA,-50.8,6.7
1964.9583,NA,-47.7,6.8
1965.0417,NA,-43.3,6.7
1965.125,NA,-38.8,6.7
1965.2083,NA,-40.8,6.8
1965.2917,NA,-44,6.7
1965.375,NA,-47.6,6.7
1965.4583,NA,-46.7,6.6
1965.5417,NA,-43.5,6.5
1965.625,NA,-40,6.5
1965.7083,NA,-36.6,6.6
1965.7917,NA,-38.2,6.6
1965.875,NA,-38.7,6.7
1965.9583,NA,-40.3,6.7
1966.0417,NA,-40.9,6.5
1966.125,NA,-42.9,6.5
1966.2083,NA,-45.4,6.4
1966.2917,NA,-47.5,6.5
1966.375,NA,-48.6,6.5
1966.4583,NA,-48.9,6.5
1966.5417,NA,-47.1,6.5
1966.625,NA,-46.7,6.5
1966.7083,NA,-46.7,6.6
1966.7917,NA,-48.1,6.6
1966.875,NA,-51.5,6.6
1966.9583,NA,-49.3,6.6
1967.0417,NA,-50.5,6.6
1967.125,NA,-50.2,6.6
1967.2083,NA,-52.5,6.6
1967.2917,NA,-50.9,6.5
1967.375,NA,-49.4,6.6
1967.4583,NA,-44.6,6.5
1967.5417,NA,-44,6.5
1967.625,NA,-42,6.5
1967.7083,NA,-41.7,6.5
1967.7917,NA,-41,6.5
1967.875,NA,-40.4,6.5
1967.9583,NA,-40.1,6.6
1968.0417,NA,-39.6,6.7
1968.125,NA,-42,6.7
1968.2083,NA,-48,6.7
1968.2917,NA,-53,6.7
1968.375,NA,-56.7,6.7
1968.4583,NA,-55.3,6.7
1968.5417,NA,-50.9,6.7
1968.625,NA,-43.5,6.7
1968.7083,NA,-39.6,6.7
1968.7917,NA,-36,6.7
1968.875,NA,-35.7,6.7
1968.9583,NA,-37.4,6.9
1969.0417,NA,-35.8,6.9
1969.125,NA,-37.2,6.9
1969.2083,NA,-36.2,7
1969.2917,NA,-37.4,7
1969.375,NA,-38.6,7
1969.4583,NA,-39.1,7
1969.5417,NA,-41.1,7
1969.625,NA,-38.9,7
1969.7083,NA,-37.9,7
1969.7917,NA,-36.5,7
1969.875,NA,-37.9,7
1969.9583,NA,-39.4,7
1970.0417,NA,-38.8,7
1970.125,NA,-37.6,7
1970.2083,NA,-38.2,7
1970.2917,NA,-41.1,6.9
1970.375,NA,-41.3,6.9
1970.4583,NA,-41,6.9
1970.5417,NA,-42.6,6.9
1970.625,NA,-41.9,7
1970.7083,NA,-42.4,7
1970.7917,NA,-38.7,7
1970.875,NA,-38.6,7
1970.9583,NA,-37.1,7
1971.0417,NA,-34.9,7
1971.125,NA,-31.7,7
1971.2083,NA,-30.7,7
1971.2917,NA,-31.4,6.9
1971.375,NA,-35.2,6.9
1971.4583,NA,-37.7,6.9
1971.5417,NA,-38.5,6.9
1971.625,NA,-36.5,6.9
1971.7083,NA,-33.1,6.9
1971.7917,NA,-33.5,6.9
1971.875,NA,-35.9,6.9
1971.9583,NA,-37.6,6.9
1972.0417,NA,-34,6.9
1972.125,NA,-29.2,6.9
1972.2083,NA,-25.3,7.1
1972.2917,NA,-24.6,7.1
1972.375,NA,-22.6,6.9
1972.4583,NA,-20.2,6.9
1972.5417,NA,-19.1,6.9
1972.625,NA,-23.1,6.9
1972.7083,NA,-25.7,6.9
1972.7917,NA,-27.9,6.9
1972.875,NA,-26.9,6.9
1972.9583,NA,-28.5,6.9
1973.0417,NA,-33.2,6.9
1973.125,NA,-33.6,6.9
1973.2083,NA,-34.6,6.9
1973.2917,NA,-31.7,6.9
1973.375,NA,-33.8,6.9
1973.4583,NA,-32.7,6.8
1973.5417,NA,-34.4,6.8
1973.625,NA,-34.4,6.8
1973.7083,NA,-34.5,6.8
1973.7917,NA,-31.6,6.8
1973.875,NA,-24.7,6.8
1973.9583,NA,-19.9,6.8
1974.0417,NA,-15.4,6.8
1974.125,NA,-16.5,6.8
1974.2083,NA,-17.6,6.8
1974.2917,NA,-17.4,6.8
1974.375,NA,-17.7,6.8
1974.4583,NA,-18.3,6.8
1974.5417,NA,-20.4,6.8
1974.625,NA,-22.1,6.8
1974.7083,NA,-23,6.8
1974.7917,NA,-23.8,6.8
1974.875,NA,-22.6,6.8
1974.9583,NA,-21.8,6.8
1975.0417,NA,-21.1,6.8
1975.125,NA,-20.2,6.8
1975.2083,NA,-18.7,6.8
1975.2917,NA,-20,6.7
1975.375,NA,-21.3,6.7
1975.4583,NA,-23.4,6.7
1975.5417,NA,-23.4,6.7
1975.625,NA,-22,6.7
1975.7083,NA,-21.3,6.7
1975.7917,NA,-20.7,6.7
1975.875,NA,-20.5,6.8
1975.9583,NA,-22.7,6.8
1976.0417,NA,-22.9,6.8
1976.125,NA,-25.7,6.8
1976.2083,NA,-24.4,6.8
1976.2917,NA,-23.2,6.8
1976.375,NA,-22.5,6.8
1976.4583,NA,-20.4,6.8
1976.5417,NA,-21.6,6.8
1976.625,NA,-23.5,6.8
1976.7083,NA,-22.2,6.8
1976.7917,NA,-22.6,6.7
1976.875,NA,-19.7,6.7
1976.9583,NA,-19.5,6.7
1977.0417,NA,-20.9,6.7
1977.125,NA,-23.6,6.7
1977.2083,NA,-25.4,6.7
1977.2917,NA,-27.6,6.7
1977.375,NA,-27.1,6.7
1977.4583,NA,-26.5,6.6
1977.5417,NA,-25.5,6.6
1977.625,NA,-24.8,6.6
1977.7083,NA,-23.8,6.5
1977.7917,NA,-23.1,6.5
1977.875,NA,-21,6.5
1977.9583,NA,-18.3,6.6
1978.0417,NA,-15.7,6.6
1978.125,NA,-12,6.6
1978.2083,NA,-13,6.6
1978.2917,NA,-13.3,6.6
1978.375,NA,-17,6.6
1978.4583,NA,-18.5,6.6
1978.5417,NA,-19.9,6.7
1978.625,NA,-18.3,6.7
1978.7083,NA,-18,6.7
1978.7917,NA,-17.7,6.7
1978.875,NA,-22.2,6.7
1978.9583,NA,-25.2,6.7
1979.0417,NA,-28,6.7
1979.125,NA,-26.9,6.7
1979.2083,NA,-25.8,6.7
1979.2917,NA,-26.1,6.7
1979.375,NA,-27.5,6.7
1979.4583,NA,-27.1,6.7
1979.5417,NA,-24.7,6.7
1979.625,NA,-19.9,6.7
1979.7083,NA,-17.3,6.7
1979.7917,NA,-14.9,6.7
1979.875,NA,-17.2,6.5
1979.9583,NA,-15,6.5
1980.0417,NA,-15.2,6.5
1980.125,NA,-14.1,6.5
1980.2083,NA,-16.1,6.4
1980.2917,NA,-15.8,6.5
1980.375,NA,-16.1,6.5
1980.4583,NA,-16.7,6.5
1980.5417,NA,-19.2,6.6
1980.625,NA,-21,6.6
1980.7083,NA,-21,6.6
1980.7917,NA,-19.2,6.6
1980.875,NA,-14,6.6
1980.9583,NA,-9.9,6.6
1981.0417,NA,-7.8,6.5
1981.125,NA,-6.8,6.5
1981.2083,NA,-5,6.6
1981.2917,NA,-4,6.6
1981.375,NA,-2.7,6.6
1981.4583,NA,-2.2,6.5
1981.5417,NA,-3.9,6.5
1981.625,NA,-3.1,6.4
1981.7083,NA,-4.1,6.4
1981.7917,NA,-2,6.4
1981.875,NA,-2.9,6.4
1981.9583,NA,-4.4,6.4
1982.0417,NA,-8.2,6.4
1982.125,NA,-9.3,6.4
1982.2083,NA,-10.6,6.4
1982.2917,NA,-13.1,6.4
1982.375,NA,-13.5,6.4
1982.4583,NA,-14.7,6.3
1982.5417,NA,-15.8,6.3
1982.625,NA,-14.4,6.3
1982.7083,NA,-10.3,6.3
1982.7917,NA,-4.7,6.2
1982.875,NA,-2.1,6.2
1982.9583,NA,-1.6,6.4
1983.0417,NA,0.2,6.4
1983.125,NA,-0.5,6.5
1983.2083,NA,1.1,6.5
1983.2917,NA,4.3,6.5
1983.375,NA,7.5,6.5
1983.4583,NA,6,6.5
1983.5417,NA,1.8,6.5
1983.625,NA,-5.9,6.4
1983.7083,NA,-6.7,6.4
1983.7917,NA,-9.7,6.5
1983.875,NA,-6.8,6.5
1983.9583,NA,-8.9,6.5
1984.0417,NA,-7.5,6.5
1984.125,NA,-6.3,6.5
1984.2083,NA,-3,6.4
1984.2917,NA,-2.2,6.3
1984.375,NA,-1.2,6.3
1984.4583,NA,1,6.3
1984.5417,NA,0.6,6.3
1984.625,NA,2,6.3
1984.7083,NA,-0.2,6.3
1984.7917,NA,-1.1,6.3
1984.875,NA,-4.4,6.3
1984.9583,NA,-6.4,6.4
1985.0417,NA,-10.4,6.2
1985.125,NA,-9.5,6.2
1985.2083,NA,-11.7,6.2
1985.2917,NA,-11.7,6.2
1985.375,NA,-13.5,6.3
1985.4583,NA,-13.1,6.3
1985.5417,NA,-13.7,6.3
1985.625,NA,-15.4,6.3
1985.7083,NA,-14.6,6.3
1985.7917,NA,-13.9,6.3
1985.875,NA,-12.5,6.3
1985.9583,NA,-12.2,6.3
1986.0417,NA,-10.8,6.3
1986.125,NA,-9.7,6.3
1986.2083,NA,-10.3,6.3
1986.2917,NA,-10.5,6.3
1986.375,NA,-11.8,6.3
1986.4583,NA,-11,6.3
1986.5417,NA,-13.3,6.3
1986.625,NA,-12.5,6.3
1986.7083,NA,-13.5,6.3
1986.7917,NA,-13.9,6.3
1986.875,NA,-14.3,6.2
1986.9583,NA,-13.1,6.2
1987.0417,NA,-11.2,6.2
1987.125,NA,-8.5,6.2
1987.2083,NA,-10.8,6.2
1987.2917,NA,-12.4,6.3
1987.375,NA,-10.9,6.3
1987.4583,NA,-9.3,6.3
1987.5417,NA,-8.2,6.3
1987.625,NA,-13.5,6.3
1987.7083,NA,-15.3,6.2
1987.7917,NA,-16.7,6.2
1987.875,NA,-12.1,6.2
1987.9583,NA,-8.6,6.3
1988.0417,NA,-9.1,6.3
1988.125,NA,-7.8,6.2
1988.2083,NA,-9.9,6.3
1988.2917,NA,-8.2,6.3
1988.375,NA,-8.1,6.3
1988.4583,NA,-6.6,6.3
1988.5417,NA,-6.4,6.3
1988.625,NA,-4.8,6.3
1988.7083,NA,-3.3,6.3
1988.7917,NA,-2.6,6.3
1988.875,NA,-4.9,6.3
1988.9583,NA,-9.4,6.4
1989.0417,NA,-9.4,6.4
1989.125,NA,-8,6.3
1989.2083,NA,-2.4,6.3
1989.2917,NA,-1.6,6.3
1989.375,NA,-1.1,6.3
1989.4583,NA,-3,6.3
1989.5417,NA,-2.7,6.3
1989.625,NA,-1,6.4
1989.7083,NA,0.3,6.4
1989.7917,NA,0.6,6.4
1989.875,NA,1.1,6.4
1989.9583,NA,-0.6,6.4
1990.0417,NA,-0.2,6.5
1990.125,NA,-2.6,6.5
1990.2083,NA,-4.4,6.5
1990.2917,NA,-3.9,6.5
1990.375,NA,-4.1,6.5
1990.4583,NA,-0,6.5
1990.5417,NA,-0.2,6.5
1990.625,NA,2.8,6.5
1990.7083,NA,3,6.5
1990.7917,NA,3.8,6.5
1990.875,NA,4.3,6.5
1990.9583,NA,1.6,6.5
1991.0417,NA,3,6.5
1991.125,NA,3.7,6.5
1991.2083,NA,5,6.5
1991.2917,NA,1.4,6.5
1991.375,NA,-1,6.5
1991.4583,NA,-1.4,6.5
1991.5417,NA,1,6.5
1991.625,NA,3.6,6.5
1991.7083,NA,3.8,6.5
1991.7917,NA,4.1,6.5
1991.875,NA,4,6.5
1991.9583,NA,2.9,6.6
1992.0417,NA,5,6.6
1992.125,NA,6,6.6
1992.2083,NA,4.6,6.5
1992.2917,NA,3.1,6.6
1992.375,NA,0.6,6.6
1992.4583,NA,1,6.6
1992.5417,NA,0.3,6.6
1992.625,NA,0.6,6.6
1992.7083,NA,2.2,6.5
1992.7917,NA,5.5,6.5
1992.875,NA,5.1,6.5
1992.9583,NA,4,6.6
1993.0417,-1.6,2.7,6.6
1993.125,-3.4,3.8,6.6
1993.2083,5.5,6.3,6.6
1993.2917,0.1,8.3,6.6
1993.375,5.3,8.6,6.6
1993.4583,0.2,4.3,6.6
1993.5417,3.9,0.6,6.6
1993.625,0.2,-2.4,6.6
1993.7083,3.1,-5.3,6.6
1993.7917,-0.1,-4.1,6.6
1993.875,0.5,-5.2,6.6
1993.9583,3.2,-0.6,6.6
1994.0417,2.9,3.4,6.6
1994.125,0.2,4,6.6
1994.2083,9.3,6,6.6
1994.2917,6.6,5.1,6.5
1994.375,2.7,7.4,6.5
1994.4583,2.4,6.4,6.5
1994.5417,1.5,9,6.5
1994.625,3.4,8.3,6.5
1994.7083,-0.1,8,6.5
1994.7917,3.4,7.6,6.5
1994.875,-3.5,5.9,6.6
1994.9583,4,7.8,6.6
1995.0417,2.3,8.6,6.6
1995.125,6.5,9.7,6.6
1995.2083,6.9,10.4,6.6
1995.2917,10,8.6,6.6
1995.375,2.5,7.7,6.6
1995.4583,7.8,6.6,6.6
1995.5417,0.7,7.9,6.5
1995.625,7.1,7.3,6.5
1995.7083,5,8.6,6.5
1995.7917,7.6,10.1,6.5
1995.875,3.1,12.5,6.5
1995.9583,9.5,16.3,6.5
1996.0417,0.1,16.2,6.6
1996.125,12.2,16.1,6.6
1996.2083,7.5,11.1,6.6
1996.2917,12.3,8.4,6.6
1996.375,11.2,7.5,6.6
1996.4583,13.9,7.1,6.6
1996.5417,13.4,13,6.5
1996.625,11.9,15.6,6.6
1996.7083,10.8,20.7,6.6
1996.7917,19.6,18.1,6.7
1996.875,15.6,16,6.7
1996.9583,7.6,14.2,6.7
1997.0417,10.8,16.5,6.6
1997.125,9.3,19.2,6.6
1997.2083,15,22.8,6.6
1997.2917,12.4,23.1,6.6
1997.375,17.6,22.7,6.6
1997.4583,14.8,22.2,6.6
1997.5417,21.5,17.6,6.6
1997.625,17.4,17.7,6.6
1997.7083,24.2,16.9,6.6
1997.7917,16.8,22.1,6.6
1997.875,20.3,22,6.7
1997.9583,12.5,23.9,6.7
1998.0417,20.8,20.4,6.7
1998.125,19.2,16.4,6.7
1998.2083,25.9,11.5,6.8
1998.2917,23,7.1,6.9
1998.375,25,6.5,6.8
1998.4583,19.4,7.2,6.8
1998.5417,24.6,9.5,6.8
1998.625,19.8,10.1,6.8
1998.7083,21.7,11.6,6.8
1998.7917,21.8,9.9,6.8
1998.875,20.5,8.9,6.8
1998.9583,21.5,8.9,6.8
1999.0417,22.7,12.5,6.8
1999.125,24.9,15.8,6.8
1999.2083,20.6,20.7,6.7
1999.2917,22.1,19.9,6.8
1999.375,18.8,21.9,6.8
1999.4583,20.6,21.3,6.8
1999.5417,19.8,23.2,6.9
1999.625,22.9,22.7,7
1999.7083,18,22.2,7
1999.7917,28,20.3,6.9
1999.875,17.9,16.2,6.9
1999.9583,28.8,14,6.9
2000.0417,22.4,12.8,6.8
2000.125,28.6,15.5,6.8
2000.2083,24.5,19.4,6.8
2000.2917,27.2,22.2,6.8
2000.375,20.7,26.2,6.8
2000.4583,26.7,25.9,6.8
2000.5417,20,27.1,6.8
2000.625,26.3,22.4,6.9
2000.7083,23,20,6.8
2000.7917,30.3,16.7,6.8
2000.875,24.1,17.8,6.8
2000.9583,25.7,19.8,6.8
2001.0417,26.9,23.8,6.7
2001.125,28.2,24.2,6.7
2001.2083,30.4,27,6.7
2001.2917,30.1,24.8,6.7
2001.375,29,25.3,6.7
2001.4583,28.9,25.7,6.7
2001.5417,32.5,27.1,6.7
2001.625,27.6,29.8,6.7
2001.7083,34.8,29.9,6.7
2001.7917,27.8,27.6,6.7
2001.875,32.6,24.5,6.8
2001.9583,26.6,22.1,6.8
2002.0417,32.2,23.1,6.8
2002.125,32.4,24.3,6.8
2002.2083,32.2,25.9,6.8
2002.2917,32,24.9,6.8
2002.375,33.8,26.5,6.8
2002.4583,31.1,29.2,6.8
2002.5417,35.3,29.4,6.8
2002.625,36.7,28.5,6.8
2002.7083,32.8,30,6.8
2002.7917,36.1,31.4,6.8
2002.875,32.2,34.2,6.8
2002.9583,33.1,32.9,6.8
2003.0417,34.5,31.8,6.7
2003.125,37,30.2,6.8
2003.2083,36.6,29.3,6.8
2003.2917,35.8,33.5,6.8
2003.375,36.4,35.9,6.8
2003.4583,33.3,40,6.8
2003.5417,34.2,40,7
2003.625,33.4,42.4,7
2003.7083,37.7,43.6,7.1
2003.7917,35.6,44.3,7.1
2003.875,34.5,41,6.9
2003.9583,35.2,39.3,7
2004.0417,39.1,36.3,6.9
2004.125,37,33.4,6.9
2004.2083,39.3,33.9,7
2004.2917,38.7,34.9,6.9
2004.375,37.2,39.2,6.9
2004.4583,36.7,41.5,6.9
2004.5417,38.4,40.4,6.9
2004.625,36.1,41.6,7
2004.7083,39,38.6,7
2004.7917,35.3,37.3,6.9
2004.875,35.3,34.5,6.9
2004.9583,39.2,34.6,6.9
2005.0417,38.1,36.6,6.8
2005.125,40.9,37.2,6.8
2005.2083,42.5,36.2,6.9
2005.2917,40.5,36.4,6.9
2005.375,41.4,37.9,6.8
2005.4583,41.9,40,6.8
2005.5417,40.9,40.7,6.8
2005.625,40.4,39.7,6.8
2005.7083,40.6,36.6,6.8
2005.7917,41,36,6.8
2005.875,43.6,34.7,6.8
2005.9583,44.7,35.5,6.8
2006.0417,40.1,35.2,6.8
2006.125,43.5,37.8,6.8
2006.2083,42.8,43,6.8
2006.2917,43.3,44.7,6.8
2006.375,43.1,43.4,6.8
2006.4583,44,40.8,6.8
2006.5417,44,40.3,6.8
2006.625,43.1,42.2,6.8
2006.7083,43.3,43.5,6.8
2006.7917,44.3,44.6,6.9
2006.875,40.2,44.2,6.9
2006.9583,43.5,39.1,7
2007.0417,40.5,35.6,7
2007.125,42.8,31.4,7
2007.2083,43.3,34.3,7.1
2007.2917,48,38.3,7.1
2007.375,43.9,45.5,7.2
2007.4583,43.5,49.1,7.2
2007.5417,41.5,50.5,7.2
2007.625,42.2,50.5,7.3
2007.7083,41.4,47.9,7.1
2007.7917,42.6,46.5,7
2007.875,45.9,46.8,6.9
2007.9583,42.8,45.4,6.8
2008.0417,46.2,46.5,6.8
2008.125,43.7,46.1,6.8
2008.2083,48.5,52.5,6.8
2008.2917,47,56.3,6.8
2008.375,52.9,60.1,6.8
2008.4583,49.8,60.1,6.8
2008.5417,49.4,59.3,6.8
2008.625,47.5,55,6.8
2008.7083,49.2,50.9,6.8
2008.7917,48.5,46.8,6.8
2008.875,50.5,46.8,6.8
2008.9583,49.6,46,6.9
2009.0417,51.1,47.5,6.9
2009.125,49.3,46.8,6.9
2009.2083,53.7,49,6.9
2009.2917,52,50.2,6.9
2009.375,54.5,55.6,6.9
2009.4583,54.3,59.6,6.9
2009.5417,54.3,62.7,6.9
2009.625,53,62.9,6.8
2009.7083,54.8,63.6,6.8
2009.7917,54.6,63.9,6.8
2009.875,55.1,65.6,6.9
2009.9583,55.7,68.8,7
2010.0417,52.5,67.6,7.1
2010.125,54.3,67.6,7.1
2010.2083,54.8,63.2,7.1
2010.2917,56,65,7
2010.375,57.6,61.7,7.1
2010.4583,60.5,61.8,7.1
2010.5417,57.7,61,7.1
2010.625,55.5,63.3,7.1
2010.7083,51.5,65.2,7.1
2010.7917,53.5,68.7,7.1
2010.875,51.6,71.1,7.1
2010.9583,53.1,72.8,7.4
2011.0417,52.1,70.4,7.4
2011.125,52.9,68.5,7.4
2011.2083,49.9,67.2,7.5
2011.2917,53,70.6,7.5
2011.375,52.5,72.6,7.5
2011.4583,57.4,73.2,7.6
2011.5417,54.3,72.1,7.6
2011.625,57.7,69.3,7.6
2011.7083,54,67,7.6
2011.7917,57.4,62.6,7.6
2011.875,54.9,58.7,7.6
2011.9583,59.3,55.4,7.7
2012.0417,63.8,58.5,7.7
2012.125,62.4,63.8,7.7
2012.2083,62.3,72.5,8.3
2012.2917,62,80.4,8.3
2012.375,64.1,82,8.4
2012.4583,66.9,82.4,8.4
2012.5417,69.3,78.1,8.4
2012.625,65.9,78.8,8.4
2012.7083,65.8,78.6,8.4
2012.7917,65.9,80.8,8.4
2012.875,67.2,79.4,8.4
2012.9583,69.1,77.7,8.8
2013.0417,70.2,70.5,8.8
2013.125,67.7,65.7,8.8
2013.2083,71,67,8.8
2013.2917,68,69.8,8.8
2013.375,69.5,72,8.8
2013.4583,67.8,71.5,8.8
2013.5417,69.7,71.2,8.8
2013.625,64.9,71.6,8.8
2013.7083,65.7,68.8,8.8
2013.7917,64.9,66.4,8.9
2013.875,68.1,59.7,9
2013.9583,66.9,58.5,9
