time,year,month,temp
1880.0833333333333,1880,1,-0.29
1880.1666666666667,1880,2,-0.18
1880.25,1880,3,-0.11
1880.3333333333333,1880,4,-0.19
1880.4166666666667,1880,5,-0.11
1880.5,1880,6,-0.23
1880.5833333333333,1880,7,-0.2
1880.6666666666667,1880,8,-0.09
1880.75,1880,9,-0.16
1880.8333333333333,1880,10,-0.23
1880.9166666666667,1880,11,-0.2
1881,1880,12,-0.22
1881.0833333333333,1881,1,-0.15
1881.1666666666667,1881,2,-0.17
1881.25,1881,3,0.04
1881.3333333333333,1881,4,0.04
1881.4166666666667,1881,5,0.02
1881.5,1881,6,-0.2
1881.5833333333333,1881,7,-0.06
1881.6666666666667,1881,8,-0.02
1881.75,1881,9,-0.14
1881.8333333333333,1881,10,-0.21
1881.9166666666667,1881,11,-0.22
1882,1881,12,-0.11
1882.0833333333333,1882,1,0.14
1882.1666666666667,1882,2,0.15
1882.25,1882,3,0.04
1882.3333333333333,1882,4,-0.19
1882.4166666666667,1882,5,-0.16
1882.5,1882,6,-0.26
1882.5833333333333,1882,7,-0.21
1882.6666666666667,1882,8,-0.05
1882.75,1882,9,-0.1
1882.8333333333333,1882,10,-0.25
1882.9166666666667,1882,11,-0.16
1883,1882,12,-0.24
1883.0833333333333,1883,1,-0.31
1883.1666666666667,1883,2,-0.39
1883.25,1883,3,-0.13
1883.3333333333333,1883,4,-0.17
1883.4166666666667,1883,5,-0.2
1883.5,1883,6,-0.12
1883.5833333333333,1883,7,-0.08
1883.6666666666667,1883,8,-0.15
1883.75,1883,9,-0.2
1883.8333333333333,1883,10,-0.14
1883.9166666666667,1883,11,-0.22
1884,1883,12,-0.16
1884.0833333333333,1884,1,-0.15
1884.1666666666667,1884,2,-0.08
1884.25,1884,3,-0.37
1884.3333333333333,1884,4,-0.42
1884.4166666666667,1884,5,-0.36
1884.5,1884,6,-0.4
1884.5833333333333,1884,7,-0.34
1884.6666666666667,1884,8,-0.26
1884.75,1884,9,-0.27
1884.8333333333333,1884,10,-0.24
1884.9166666666667,1884,11,-0.3
1885,1884,12,-0.29
1885.0833333333333,1885,1,-0.59
1885.1666666666667,1885,2,-0.3
1885.25,1885,3,-0.25
1885.3333333333333,1885,4,-0.42
1885.4166666666667,1885,5,-0.42
1885.5,1885,6,-0.44
1885.5833333333333,1885,7,-0.35
1885.6666666666667,1885,8,-0.31
1885.75,1885,9,-0.24
1885.8333333333333,1885,10,-0.19
1885.9166666666667,1885,11,-0.19
1886,1885,12,-0.05
1886.0833333333333,1886,1,-0.42
1886.1666666666667,1886,2,-0.45
1886.25,1886,3,-0.38
1886.3333333333333,1886,4,-0.28
1886.4166666666667,1886,5,-0.26
1886.5,1886,6,-0.39
1886.5833333333333,1886,7,-0.22
1886.6666666666667,1886,8,-0.33
1886.75,1886,9,-0.25
1886.8333333333333,1886,10,-0.28
1886.9166666666667,1886,11,-0.31
1887,1886,12,-0.26
1887.0833333333333,1887,1,-0.73
1887.1666666666667,1887,2,-0.53
1887.25,1887,3,-0.34
1887.3333333333333,1887,4,-0.39
1887.4166666666667,1887,5,-0.32
1887.5,1887,6,-0.24
1887.5833333333333,1887,7,-0.23
1887.6666666666667,1887,8,-0.32
1887.75,1887,9,-0.23
1887.8333333333333,1887,10,-0.33
1887.9166666666667,1887,11,-0.24
1888,1887,12,-0.33
1888.0833333333333,1888,1,-0.38
1888.1666666666667,1888,2,-0.36
1888.25,1888,3,-0.41
1888.3333333333333,1888,4,-0.22
1888.4166666666667,1888,5,-0.22
1888.5,1888,6,-0.18
1888.5833333333333,1888,7,-0.1
1888.6666666666667,1888,8,-0.16
1888.75,1888,9,-0.1
1888.8333333333333,1888,10,0.01
1888.9166666666667,1888,11,0
1889,1888,12,-0.07
1889.0833333333333,1889,1,-0.12
1889.1666666666667,1889,2,0.18
1889.25,1889,3,0.07
1889.3333333333333,1889,4,0.07
1889.4166666666667,1889,5,-0.03
1889.5,1889,6,-0.14
1889.5833333333333,1889,7,-0.1
1889.6666666666667,1889,8,-0.2
1889.75,1889,9,-0.22
1889.8333333333333,1889,10,-0.23
1889.9166666666667,1889,11,-0.33
1890,1889,12,-0.3
1890.0833333333333,1890,1,-0.45
1890.1666666666667,1890,2,-0.45
1890.25,1890,3,-0.4
1890.3333333333333,1890,4,-0.37
1890.4166666666667,1890,5,-0.46
1890.5,1890,6,-0.27
1890.5833333333333,1890,7,-0.27
1890.6666666666667,1890,8,-0.38
1890.75,1890,9,-0.4
1890.8333333333333,1890,10,-0.24
1890.9166666666667,1890,11,-0.48
1891,1890,12,-0.31
1891.0833333333333,1891,1,-0.42
1891.1666666666667,1891,2,-0.47
1891.25,1891,3,-0.18
1891.3333333333333,1891,4,-0.28
1891.4166666666667,1891,5,-0.18
1891.5,1891,6,-0.2
1891.5833333333333,1891,7,-0.2
1891.6666666666667,1891,8,-0.16
1891.75,1891,9,-0.14
1891.8333333333333,1891,10,-0.21
1891.9166666666667,1891,11,-0.34
1892,1891,12,-0.04
1892.0833333333333,1892,1,-0.28
1892.1666666666667,1892,2,-0.11
1892.25,1892,3,-0.35
1892.3333333333333,1892,4,-0.34
1892.4166666666667,1892,5,-0.25
1892.5,1892,6,-0.23
1892.5833333333333,1892,7,-0.32
1892.6666666666667,1892,8,-0.25
1892.75,1892,9,-0.13
1892.8333333333333,1892,10,-0.12
1892.9166666666667,1892,11,-0.41
1893,1892,12,-0.38
1893.0833333333333,1893,1,-0.79
1893.1666666666667,1893,2,-0.54
1893.25,1893,3,-0.23
1893.3333333333333,1893,4,-0.3
1893.4166666666667,1893,5,-0.36
1893.5,1893,6,-0.28
1893.5833333333333,1893,7,-0.16
1893.6666666666667,1893,8,-0.26
1893.75,1893,9,-0.2
1893.8333333333333,1893,10,-0.16
1893.9166666666667,1893,11,-0.17
1894,1893,12,-0.35
1894.0833333333333,1894,1,-0.53
1894.1666666666667,1894,2,-0.33
1894.25,1894,3,-0.25
1894.3333333333333,1894,4,-0.48
1894.4166666666667,1894,5,-0.35
1894.5,1894,6,-0.44
1894.5833333333333,1894,7,-0.26
1894.6666666666667,1894,8,-0.22
1894.75,1894,9,-0.25
1894.8333333333333,1894,10,-0.2
1894.9166666666667,1894,11,-0.25
1895,1894,12,-0.19
1895.0833333333333,1895,1,-0.44
1895.1666666666667,1895,2,-0.42
1895.25,1895,3,-0.29
1895.3333333333333,1895,4,-0.25
1895.4166666666667,1895,5,-0.27
1895.5,1895,6,-0.24
1895.5833333333333,1895,7,-0.18
1895.6666666666667,1895,8,-0.16
1895.75,1895,9,-0.09
1895.8333333333333,1895,10,-0.08
1895.9166666666667,1895,11,-0.14
1896,1895,12,-0.15
1896.0833333333333,1896,1,-0.26
1896.1666666666667,1896,2,-0.14
1896.25,1896,3,-0.25
1896.3333333333333,1896,4,-0.3
1896.4166666666667,1896,5,-0.18
1896.5,1896,6,-0.14
1896.5833333333333,1896,7,-0.04
1896.6666666666667,1896,8,-0.04
1896.75,1896,9,-0.03
1896.8333333333333,1896,10,0.12
1896.9166666666667,1896,11,-0.07
1897,1896,12,-0.03
1897.0833333333333,1897,1,-0.15
1897.1666666666667,1897,2,-0.15
1897.25,1897,3,-0.13
1897.3333333333333,1897,4,-0.03
1897.4166666666667,1897,5,-0.05
1897.5,1897,6,-0.16
1897.5833333333333,1897,7,-0.07
1897.6666666666667,1897,8,-0.11
1897.75,1897,9,-0.08
1897.8333333333333,1897,10,-0.13
1897.9166666666667,1897,11,-0.19
1898,1897,12,-0.19
1898.0833333333333,1898,1,-0.04
1898.1666666666667,1898,2,-0.3
1898.25,1898,3,-0.52
1898.3333333333333,1898,4,-0.33
1898.4166666666667,1898,5,-0.32
1898.5,1898,6,-0.21
1898.5833333333333,1898,7,-0.24
1898.6666666666667,1898,8,-0.26
1898.75,1898,9,-0.22
1898.8333333333333,1898,10,-0.34
1898.9166666666667,1898,11,-0.38
1899,1898,12,-0.25
1899.0833333333333,1899,1,-0.2
1899.1666666666667,1899,2,-0.41
1899.25,1899,3,-0.34
1899.3333333333333,1899,4,-0.21
1899.4166666666667,1899,5,-0.24
1899.5,1899,6,-0.33
1899.5833333333333,1899,7,-0.18
1899.6666666666667,1899,8,-0.07
1899.75,1899,9,-0.04
1899.8333333333333,1899,10,-0.06
1899.9166666666667,1899,11,0.11
1900,1899,12,-0.29
1900.0833333333333,1900,1,-0.37
1900.1666666666667,1900,2,-0.03
1900.25,1900,3,0.01
1900.3333333333333,1900,4,-0.13
1900.4166666666667,1900,5,-0.11
1900.5,1900,6,-0.13
1900.5833333333333,1900,7,-0.13
1900.6666666666667,1900,8,-0.11
1900.75,1900,9,-0.05
1900.8333333333333,1900,10,0.09
1900.9166666666667,1900,11,-0.1
1901,1900,12,-0.07
1901.0833333333333,1901,1,-0.24
1901.1666666666667,1901,2,-0.04
1901.25,1901,3,0.08
1901.3333333333333,1901,4,-0.04
1901.4166666666667,1901,5,-0.17
1901.5,1901,6,-0.13
1901.5833333333333,1901,7,-0.15
1901.6666666666667,1901,8,-0.2
1901.75,1901,9,-0.22
1901.8333333333333,1901,10,-0.31
1901.9166666666667,1901,11,-0.17
1902,1901,12,-0.28
1902.0833333333333,1902,1,-0.2
1902.1666666666667,1902,2,-0.04
1902.25,1902,3,-0.29
1902.3333333333333,1902,4,-0.31
1902.4166666666667,1902,5,-0.36
1902.5,1902,6,-0.36
1902.5833333333333,1902,7,-0.29
1902.6666666666667,1902,8,-0.34
1902.75,1902,9,-0.29
1902.8333333333333,1902,10,-0.32
1902.9166666666667,1902,11,-0.4
1903,1902,12,-0.46
1903.0833333333333,1903,1,-0.26
1903.1666666666667,1903,2,-0.05
1903.25,1903,3,-0.23
1903.3333333333333,1903,4,-0.43
1903.4166666666667,1903,5,-0.45
1903.5,1903,6,-0.47
1903.5833333333333,1903,7,-0.38
1903.6666666666667,1903,8,-0.48
1903.75,1903,9,-0.49
1903.8333333333333,1903,10,-0.49
1903.9166666666667,1903,11,-0.45
1904,1903,12,-0.53
1904.0833333333333,1904,1,-0.68
1904.1666666666667,1904,2,-0.59
1904.25,1904,3,-0.51
1904.3333333333333,1904,4,-0.54
1904.4166666666667,1904,5,-0.56
1904.5,1904,6,-0.51
1904.5833333333333,1904,7,-0.54
1904.6666666666667,1904,8,-0.5
1904.75,1904,9,-0.53
1904.8333333333333,1904,10,-0.4
1904.9166666666667,1904,11,-0.21
1905,1904,12,-0.35
1905.0833333333333,1905,1,-0.4
1905.1666666666667,1905,2,-0.59
1905.25,1905,3,-0.23
1905.3333333333333,1905,4,-0.36
1905.4166666666667,1905,5,-0.33
1905.5,1905,6,-0.3
1905.5833333333333,1905,7,-0.3
1905.6666666666667,1905,8,-0.22
1905.75,1905,9,-0.18
1905.8333333333333,1905,10,-0.25
1905.9166666666667,1905,11,-0.1
1906,1905,12,-0.18
1906.0833333333333,1906,1,-0.28
1906.1666666666667,1906,2,-0.31
1906.25,1906,3,-0.16
1906.3333333333333,1906,4,-0.05
1906.4166666666667,1906,5,-0.24
1906.5,1906,6,-0.21
1906.5833333333333,1906,7,-0.25
1906.6666666666667,1906,8,-0.2
1906.75,1906,9,-0.27
1906.8333333333333,1906,10,-0.19
1906.9166666666667,1906,11,-0.38
1907,1906,12,-0.16
1907.0833333333333,1907,1,-0.41
1907.1666666666667,1907,2,-0.52
1907.25,1907,3,-0.27
1907.3333333333333,1907,4,-0.39
1907.4166666666667,1907,5,-0.47
1907.5,1907,6,-0.44
1907.5833333333333,1907,7,-0.37
1907.6666666666667,1907,8,-0.35
1907.75,1907,9,-0.33
1907.8333333333333,1907,10,-0.24
1907.9166666666667,1907,11,-0.48
1908,1907,12,-0.48
1908.0833333333333,1908,1,-0.43
1908.1666666666667,1908,2,-0.31
1908.25,1908,3,-0.54
1908.3333333333333,1908,4,-0.45
1908.4166666666667,1908,5,-0.41
1908.5,1908,6,-0.41
1908.5833333333333,1908,7,-0.4
1908.6666666666667,1908,8,-0.46
1908.75,1908,9,-0.36
1908.8333333333333,1908,10,-0.45
1908.9166666666667,1908,11,-0.5
1909,1908,12,-0.49
1909.0833333333333,1909,1,-0.69
1909.1666666666667,1909,2,-0.47
1909.25,1909,3,-0.51
1909.3333333333333,1909,4,-0.6
1909.4166666666667,1909,5,-0.56
1909.5,1909,6,-0.53
1909.5833333333333,1909,7,-0.45
1909.6666666666667,1909,8,-0.31
1909.75,1909,9,-0.35
1909.8333333333333,1909,10,-0.37
1909.9166666666667,1909,11,-0.31
1910,1909,12,-0.55
1910.0833333333333,1910,1,-0.45
1910.1666666666667,1910,2,-0.44
1910.25,1910,3,-0.51
1910.3333333333333,1910,4,-0.4
1910.4166666666667,1910,5,-0.35
1910.5,1910,6,-0.37
1910.5833333333333,1910,7,-0.35
1910.6666666666667,1910,8,-0.36
1910.75,1910,9,-0.36
1910.8333333333333,1910,10,-0.38
1910.9166666666667,1910,11,-0.54
1911,1910,12,-0.67
1911.0833333333333,1911,1,-0.64
1911.1666666666667,1911,2,-0.58
1911.25,1911,3,-0.6
1911.3333333333333,1911,4,-0.53
1911.4166666666667,1911,5,-0.52
1911.5,1911,6,-0.48
1911.5833333333333,1911,7,-0.41
1911.6666666666667,1911,8,-0.42
1911.75,1911,9,-0.37
1911.8333333333333,1911,10,-0.23
1911.9166666666667,1911,11,-0.18
1912,1911,12,-0.22
1912.0833333333333,1912,1,-0.26
1912.1666666666667,1912,2,-0.12
1912.25,1912,3,-0.35
1912.3333333333333,1912,4,-0.19
1912.4166666666667,1912,5,-0.21
1912.5,1912,6,-0.26
1912.5833333333333,1912,7,-0.44
1912.6666666666667,1912,8,-0.54
1912.75,1912,9,-0.51
1912.8333333333333,1912,10,-0.57
1912.9166666666667,1912,11,-0.38
1913,1912,12,-0.43
1913.0833333333333,1913,1,-0.42
1913.1666666666667,1913,2,-0.43
1913.25,1913,3,-0.43
1913.3333333333333,1913,4,-0.4
1913.4166666666667,1913,5,-0.47
1913.5,1913,6,-0.49
1913.5833333333333,1913,7,-0.36
1913.6666666666667,1913,8,-0.34
1913.75,1913,9,-0.36
1913.8333333333333,1913,10,-0.34
1913.9166666666667,1913,11,-0.19
1914,1913,12,-0.04
1914.0833333333333,1914,1,0.04
1914.1666666666667,1914,2,-0.11
1914.25,1914,3,-0.22
1914.3333333333333,1914,4,-0.29
1914.4166666666667,1914,5,-0.23
1914.5,1914,6,-0.27
1914.5833333333333,1914,7,-0.24
1914.6666666666667,1914,8,-0.14
1914.75,1914,9,-0.13
1914.8333333333333,1914,10,-0.04
1914.9166666666667,1914,11,-0.18
1915,1914,12,-0.08
1915.0833333333333,1915,1,-0.17
1915.1666666666667,1915,2,0
1915.25,1915,3,-0.09
1915.3333333333333,1915,4,0.06
1915.4166666666667,1915,5,-0.06
1915.5,1915,6,-0.2
1915.5833333333333,1915,7,-0.1
1915.6666666666667,1915,8,-0.2
1915.75,1915,9,-0.17
1915.8333333333333,1915,10,-0.24
1915.9166666666667,1915,11,-0.12
1916,1915,12,-0.16
1916.0833333333333,1916,1,-0.09
1916.1666666666667,1916,2,-0.12
1916.25,1916,3,-0.28
1916.3333333333333,1916,4,-0.3
1916.4166666666667,1916,5,-0.32
1916.5,1916,6,-0.46
1916.5833333333333,1916,7,-0.35
1916.6666666666667,1916,8,-0.25
1916.75,1916,9,-0.32
1916.8333333333333,1916,10,-0.27
1916.9166666666667,1916,11,-0.4
1917,1916,12,-0.79
1917.0833333333333,1917,1,-0.58
1917.1666666666667,1917,2,-0.61
1917.25,1917,3,-0.6
1917.3333333333333,1917,4,-0.5
1917.4166666666667,1917,5,-0.55
1917.5,1917,6,-0.43
1917.5833333333333,1917,7,-0.25
1917.6666666666667,1917,8,-0.21
1917.75,1917,9,-0.17
1917.8333333333333,1917,10,-0.4
1917.9166666666667,1917,11,-0.28
1918,1917,12,-0.67
1918.0833333333333,1918,1,-0.42
1918.1666666666667,1918,2,-0.31
1918.25,1918,3,-0.24
1918.3333333333333,1918,4,-0.44
1918.4166666666667,1918,5,-0.45
1918.5,1918,6,-0.35
1918.5833333333333,1918,7,-0.31
1918.6666666666667,1918,8,-0.29
1918.75,1918,9,-0.15
1918.8333333333333,1918,10,-0.05
1918.9166666666667,1918,11,-0.1
1919,1918,12,-0.27
1919.0833333333333,1919,1,-0.2
1919.1666666666667,1919,2,-0.22
1919.25,1919,3,-0.19
1919.3333333333333,1919,4,-0.12
1919.4166666666667,1919,5,-0.27
1919.5,1919,6,-0.36
1919.5833333333333,1919,7,-0.28
1919.6666666666667,1919,8,-0.32
1919.75,1919,9,-0.22
1919.8333333333333,1919,10,-0.18
1919.9166666666667,1919,11,-0.41
1920,1919,12,-0.41
1920.0833333333333,1920,1,-0.22
1920.1666666666667,1920,2,-0.22
1920.25,1920,3,-0.07
1920.3333333333333,1920,4,-0.25
1920.4166666666667,1920,5,-0.26
1920.5,1920,6,-0.35
1920.5833333333333,1920,7,-0.3
1920.6666666666667,1920,8,-0.23
1920.75,1920,9,-0.19
1920.8333333333333,1920,10,-0.26
1920.9166666666667,1920,11,-0.26
1921,1920,12,-0.43
1921.0833333333333,1921,1,-0.02
1921.1666666666667,1921,2,-0.18
1921.25,1921,3,-0.21
1921.3333333333333,1921,4,-0.29
1921.4166666666667,1921,5,-0.28
1921.5,1921,6,-0.26
1921.5833333333333,1921,7,-0.14
1921.6666666666667,1921,8,-0.23
1921.75,1921,9,-0.16
1921.8333333333333,1921,10,-0.02
1921.9166666666667,1921,11,-0.13
1922,1921,12,-0.16
1922.0833333333333,1922,1,-0.33
1922.1666666666667,1922,2,-0.43
1922.25,1922,3,-0.12
1922.3333333333333,1922,4,-0.23
1922.4166666666667,1922,5,-0.32
1922.5,1922,6,-0.31
1922.5833333333333,1922,7,-0.24
1922.6666666666667,1922,8,-0.3
1922.75,1922,9,-0.31
1922.8333333333333,1922,10,-0.31
1922.9166666666667,1922,11,-0.13
1923,1922,12,-0.18
1923.0833333333333,1923,1,-0.29
1923.1666666666667,1923,2,-0.37
1923.25,1923,3,-0.34
1923.3333333333333,1923,4,-0.39
1923.4166666666667,1923,5,-0.33
1923.5,1923,6,-0.25
1923.5833333333333,1923,7,-0.29
1923.6666666666667,1923,8,-0.29
1923.75,1923,9,-0.27
1923.8333333333333,1923,10,-0.1
1923.9166666666667,1923,11,0.02
1924,1923,12,-0.01
1924.0833333333333,1924,1,-0.22
1924.1666666666667,1924,2,-0.23
1924.25,1924,3,-0.06
1924.3333333333333,1924,4,-0.31
1924.4166666666667,1924,5,-0.18
1924.5,1924,6,-0.22
1924.5833333333333,1924,7,-0.25
1924.6666666666667,1924,8,-0.33
1924.75,1924,9,-0.3
1924.8333333333333,1924,10,-0.33
1924.9166666666667,1924,11,-0.19
1925,1924,12,-0.41
1925.0833333333333,1925,1,-0.36
1925.1666666666667,1925,2,-0.37
1925.25,1925,3,-0.24
1925.3333333333333,1925,4,-0.24
1925.4166666666667,1925,5,-0.29
1925.5,1925,6,-0.32
1925.5833333333333,1925,7,-0.27
1925.6666666666667,1925,8,-0.15
1925.75,1925,9,-0.15
1925.8333333333333,1925,10,-0.17
1925.9166666666667,1925,11,0.05
1926,1925,12,0.09
1926.0833333333333,1926,1,0.2
1926.1666666666667,1926,2,0.07
1926.25,1926,3,0.12
1926.3333333333333,1926,4,-0.11
1926.4166666666667,1926,5,-0.21
1926.5,1926,6,-0.22
1926.5833333333333,1926,7,-0.23
1926.6666666666667,1926,8,-0.12
1926.75,1926,9,-0.12
1926.8333333333333,1926,10,-0.09
1926.9166666666667,1926,11,-0.04
1927,1926,12,-0.27
1927.0833333333333,1927,1,-0.26
1927.1666666666667,1927,2,-0.17
1927.25,1927,3,-0.36
1927.3333333333333,1927,4,-0.3
1927.4166666666667,1927,5,-0.24
1927.5,1927,6,-0.25
1927.5833333333333,1927,7,-0.15
1927.6666666666667,1927,8,-0.2
1927.75,1927,9,-0.1
1927.8333333333333,1927,10,0
1927.9166666666667,1927,11,-0.02
1928,1927,12,-0.32
1928.0833333333333,1928,1,0
1928.1666666666667,1928,2,-0.07
1928.25,1928,3,-0.26
1928.3333333333333,1928,4,-0.27
1928.4166666666667,1928,5,-0.29
1928.5,1928,6,-0.36
1928.5833333333333,1928,7,-0.18
1928.6666666666667,1928,8,-0.22
1928.75,1928,9,-0.18
1928.8333333333333,1928,10,-0.16
1928.9166666666667,1928,11,-0.08
1929,1928,12,-0.17
1929.0833333333333,1929,1,-0.46
1929.1666666666667,1929,2,-0.59
1929.25,1929,3,-0.31
1929.3333333333333,1929,4,-0.39
1929.4166666666667,1929,5,-0.38
1929.5,1929,6,-0.4
1929.5833333333333,1929,7,-0.32
1929.6666666666667,1929,8,-0.29
1929.75,1929,9,-0.22
1929.8333333333333,1929,10,-0.11
1929.9166666666667,1929,11,-0.11
1930,1929,12,-0.53
1930.0833333333333,1930,1,-0.29
1930.1666666666667,1930,2,-0.27
1930.25,1930,3,-0.08
1930.3333333333333,1930,4,-0.24
1930.4166666666667,1930,5,-0.22
1930.5,1930,6,-0.19
1930.5833333333333,1930,7,-0.19
1930.6666666666667,1930,8,-0.11
1930.75,1930,9,-0.11
1930.8333333333333,1930,10,-0.08
1930.9166666666667,1930,11,0.16
1931,1930,12,-0.06
1931.0833333333333,1931,1,-0.1
1931.1666666666667,1931,2,-0.24
1931.25,1931,3,-0.07
1931.3333333333333,1931,4,-0.21
1931.4166666666667,1931,5,-0.19
1931.5,1931,6,-0.07
1931.5833333333333,1931,7,-0.02
1931.6666666666667,1931,8,-0.03
1931.75,1931,9,-0.07
1931.8333333333333,1931,10,0.02
1931.9166666666667,1931,11,-0.12
1932,1931,12,-0.09
1932.0833333333333,1932,1,0.14
1932.1666666666667,1932,2,-0.18
1932.25,1932,3,-0.19
1932.3333333333333,1932,4,-0.06
1932.4166666666667,1932,5,-0.18
1932.5,1932,6,-0.29
1932.5833333333333,1932,7,-0.23
1932.6666666666667,1932,8,-0.23
1932.75,1932,9,-0.11
1932.8333333333333,1932,10,-0.1
1932.9166666666667,1932,11,-0.26
1933,1932,12,-0.25
1933.0833333333333,1933,1,-0.34
1933.1666666666667,1933,2,-0.34
1933.25,1933,3,-0.3
1933.3333333333333,1933,4,-0.25
1933.4166666666667,1933,5,-0.29
1933.5,1933,6,-0.33
1933.5833333333333,1933,7,-0.21
1933.6666666666667,1933,8,-0.24
1933.75,1933,9,-0.27
1933.8333333333333,1933,10,-0.21
1933.9166666666667,1933,11,-0.3
1934,1933,12,-0.46
1934.0833333333333,1934,1,-0.25
1934.1666666666667,1934,2,-0.04
1934.25,1934,3,-0.33
1934.3333333333333,1934,4,-0.3
1934.4166666666667,1934,5,-0.11
1934.5,1934,6,-0.15
1934.5833333333333,1934,7,-0.1
1934.6666666666667,1934,8,-0.11
1934.75,1934,9,-0.16
1934.8333333333333,1934,10,-0.08
1934.9166666666667,1934,11,0.03
1935,1934,12,-0.04
1935.0833333333333,1935,1,-0.33
1935.1666666666667,1935,2,0.15
1935.25,1935,3,-0.13
1935.3333333333333,1935,4,-0.36
1935.4166666666667,1935,5,-0.3
1935.5,1935,6,-0.26
1935.5833333333333,1935,7,-0.22
1935.6666666666667,1935,8,-0.22
1935.75,1935,9,-0.21
1935.8333333333333,1935,10,-0.08
1935.9166666666667,1935,11,-0.28
1936,1935,12,-0.2
1936.0833333333333,1936,1,-0.29
1936.1666666666667,1936,2,-0.39
1936.25,1936,3,-0.23
1936.3333333333333,1936,4,-0.2
1936.4166666666667,1936,5,-0.18
1936.5,1936,6,-0.21
1936.5833333333333,1936,7,-0.08
1936.6666666666667,1936,8,-0.14
1936.75,1936,9,-0.1
1936.8333333333333,1936,10,-0.04
1936.9166666666667,1936,11,-0.04
1937,1936,12,-0.03
1937.0833333333333,1937,1,-0.13
1937.1666666666667,1937,2,0.03
1937.25,1937,3,-0.18
1937.3333333333333,1937,4,-0.17
1937.4166666666667,1937,5,-0.08
1937.5,1937,6,-0.05
1937.5833333333333,1937,7,-0.05
1937.6666666666667,1937,8,0.01
1937.75,1937,9,0.11
1937.8333333333333,1937,10,0.08
1937.9166666666667,1937,11,0.09
1938,1937,12,-0.12
1938.0833333333333,1938,1,0.01
1938.1666666666667,1938,2,-0.02
1938.25,1938,3,0.08
1938.3333333333333,1938,4,0.04
1938.4166666666667,1938,5,-0.1
1938.5,1938,6,-0.18
1938.5833333333333,1938,7,-0.09
1938.6666666666667,1938,8,-0.06
1938.75,1938,9,0.02
1938.8333333333333,1938,10,0.11
1938.9166666666667,1938,11,0.04
1939,1938,12,-0.22
1939.0833333333333,1939,1,-0.07
1939.1666666666667,1939,2,-0.09
1939.25,1939,3,-0.2
1939.3333333333333,1939,4,-0.1
1939.4166666666667,1939,5,-0.06
1939.5,1939,6,-0.08
1939.5833333333333,1939,7,-0.08
1939.6666666666667,1939,8,-0.07
1939.75,1939,9,-0.07
1939.8333333333333,1939,10,-0.03
1939.9166666666667,1939,11,0.05
1940,1939,12,0.44
1940.0833333333333,1940,1,-0.06
1940.1666666666667,1940,2,0.12
1940.25,1940,3,0.15
1940.3333333333333,1940,4,0.18
1940.4166666666667,1940,5,0.09
1940.5,1940,6,0.08
1940.5833333333333,1940,7,0.12
1940.6666666666667,1940,8,0.04
1940.75,1940,9,0.12
1940.8333333333333,1940,10,0.07
1940.9166666666667,1940,11,0.16
1941,1940,12,0.27
1941.0833333333333,1941,1,0.21
1941.1666666666667,1941,2,0.32
1941.25,1941,3,0.08
1941.3333333333333,1941,4,0.17
1941.4166666666667,1941,5,0.14
1941.5,1941,6,0.12
1941.5833333333333,1941,7,0.21
1941.6666666666667,1941,8,0.14
1941.75,1941,9,0.02
1941.8333333333333,1941,10,0.34
1941.9166666666667,1941,11,0.24
1942,1941,12,0.21
1942.0833333333333,1942,1,0.26
1942.1666666666667,1942,2,0.02
1942.25,1942,3,0.09
1942.3333333333333,1942,4,0.1
1942.4166666666667,1942,5,0.08
1942.5,1942,6,0.04
1942.5833333333333,1942,7,0
1942.6666666666667,1942,8,-0.04
1942.75,1942,9,-0.05
1942.8333333333333,1942,10,-0.01
1942.9166666666667,1942,11,0.08
1943,1942,12,0.07
1943.0833333333333,1943,1,-0.04
1943.1666666666667,1943,2,0.13
1943.25,1943,3,-0.08
1943.3333333333333,1943,4,0.07
1943.4166666666667,1943,5,0.04
1943.5,1943,6,-0.06
1943.5833333333333,1943,7,0.08
1943.6666666666667,1943,8,0
1943.75,1943,9,0.06
1943.8333333333333,1943,10,0.22
1943.9166666666667,1943,11,0.19
1944,1943,12,0.24
1944.0833333333333,1944,1,0.35
1944.1666666666667,1944,2,0.26
1944.25,1944,3,0.27
1944.3333333333333,1944,4,0.19
1944.4166666666667,1944,5,0.19
1944.5,1944,6,0.2
1944.5833333333333,1944,7,0.19
1944.6666666666667,1944,8,0.17
1944.75,1944,9,0.3
1944.8333333333333,1944,10,0.26
1944.9166666666667,1944,11,0.1
1945,1944,12,0.03
1945.0833333333333,1945,1,0.09
1945.1666666666667,1945,2,-0.02
1945.25,1945,3,0.06
1945.3333333333333,1945,4,0.19
1945.4166666666667,1945,5,0.04
1945.5,1945,6,0
1945.5833333333333,1945,7,0.03
1945.6666666666667,1945,8,0.27
1945.75,1945,9,0.22
1945.8333333333333,1945,10,0.19
1945.9166666666667,1945,11,0.07
1946,1945,12,-0.09
1946.0833333333333,1946,1,0.15
1946.1666666666667,1946,2,0.07
1946.25,1946,3,0.01
1946.3333333333333,1946,4,0.06
1946.4166666666667,1946,5,-0.08
1946.5,1946,6,-0.21
1946.5833333333333,1946,7,-0.14
1946.6666666666667,1946,8,-0.17
1946.75,1946,9,-0.07
1946.8333333333333,1946,10,-0.06
1946.9166666666667,1946,11,-0.06
1947,1946,12,-0.35
1947.0833333333333,1947,1,-0.12
1947.1666666666667,1947,2,-0.08
1947.25,1947,3,0.07
1947.3333333333333,1947,4,0.07
1947.4166666666667,1947,5,-0.03
1947.5,1947,6,0.02
1947.5833333333333,1947,7,-0.07
1947.6666666666667,1947,8,-0.09
1947.75,1947,9,-0.13
1947.8333333333333,1947,10,0.06
1947.9166666666667,1947,11,0.02
1948,1947,12,-0.16
1948.0833333333333,1948,1,0.07
1948.1666666666667,1948,2,-0.16
1948.25,1948,3,-0.25
1948.3333333333333,1948,4,-0.11
1948.4166666666667,1948,5,0.01
1948.5,1948,6,-0.04
1948.5833333333333,1948,7,-0.11
1948.6666666666667,1948,8,-0.12
1948.75,1948,9,-0.11
1948.8333333333333,1948,10,-0.07
1948.9166666666667,1948,11,-0.12
1949,1948,12,-0.22
1949.0833333333333,1949,1,0.09
1949.1666666666667,1949,2,-0.16
1949.25,1949,3,-0.02
1949.3333333333333,1949,4,-0.1
1949.4166666666667,1949,5,-0.08
1949.5,1949,6,-0.23
1949.5833333333333,1949,7,-0.14
1949.6666666666667,1949,8,-0.11
1949.75,1949,9,-0.14
1949.8333333333333,1949,10,-0.06
1949.9166666666667,1949,11,-0.09
1950,1949,12,-0.22
1950.0833333333333,1950,1,-0.33
1950.1666666666667,1950,2,-0.28
1950.25,1950,3,-0.06
1950.3333333333333,1950,4,-0.2
1950.4166666666667,1950,5,-0.09
1950.5,1950,6,-0.03
1950.5833333333333,1950,7,-0.1
1950.6666666666667,1950,8,-0.16
1950.75,1950,9,-0.12
1950.8333333333333,1950,10,-0.22
1950.9166666666667,1950,11,-0.38
1951,1950,12,-0.2
1951.0833333333333,1951,1,-0.34
1951.1666666666667,1951,2,-0.43
1951.25,1951,3,-0.21
1951.3333333333333,1951,4,-0.13
1951.4166666666667,1951,5,0
1951.5,1951,6,-0.02
1951.5833333333333,1951,7,0.03
1951.6666666666667,1951,8,0.06
1951.75,1951,9,0.09
1951.8333333333333,1951,10,0.05
1951.9166666666667,1951,11,-0.02
1952,1951,12,0.14
1952.0833333333333,1952,1,0.13
1952.1666666666667,1952,2,0.11
1952.25,1952,3,-0.09
1952.3333333333333,1952,4,0.02
1952.4166666666667,1952,5,-0.02
1952.5,1952,6,-0.04
1952.5833333333333,1952,7,0.04
1952.6666666666667,1952,8,0.05
1952.75,1952,9,0.08
1952.8333333333333,1952,10,0
1952.9166666666667,1952,11,-0.14
1953,1952,12,-0.01
1953.0833333333333,1953,1,0.08
1953.1666666666667,1953,2,0.14
1953.25,1953,3,0.11
1953.3333333333333,1953,4,0.18
1953.4166666666667,1953,5,0.09
1953.5,1953,6,0.1
1953.5833333333333,1953,7,0
1953.6666666666667,1953,8,0.06
1953.75,1953,9,0.04
1953.8333333333333,1953,10,0.06
1953.9166666666667,1953,11,-0.06
1954,1953,12,0.02
1954.0833333333333,1954,1,-0.28
1954.1666666666667,1954,2,-0.13
1954.25,1954,3,-0.15
1954.3333333333333,1954,4,-0.16
1954.4166666666667,1954,5,-0.21
1954.5,1954,6,-0.17
1954.5833333333333,1954,7,-0.19
1954.6666666666667,1954,8,-0.17
1954.75,1954,9,-0.1
1954.8333333333333,1954,10,-0.04
1954.9166666666667,1954,11,0.06
1955,1954,12,-0.21
1955.0833333333333,1955,1,0.14
1955.1666666666667,1955,2,-0.18
1955.25,1955,3,-0.34
1955.3333333333333,1955,4,-0.21
1955.4166666666667,1955,5,-0.2
1955.5,1955,6,-0.11
1955.5833333333333,1955,7,-0.13
1955.6666666666667,1955,8,0.01
1955.75,1955,9,-0.11
1955.8333333333333,1955,10,-0.05
1955.9166666666667,1955,11,-0.24
1956,1955,12,-0.3
1956.0833333333333,1956,1,-0.16
1956.1666666666667,1956,2,-0.26
1956.25,1956,3,-0.23
1956.3333333333333,1956,4,-0.27
1956.4166666666667,1956,5,-0.31
1956.5,1956,6,-0.16
1956.5833333333333,1956,7,-0.12
1956.6666666666667,1956,8,-0.26
1956.75,1956,9,-0.2
1956.8333333333333,1956,10,-0.24
1956.9166666666667,1956,11,-0.17
1957,1956,12,-0.07
1957.0833333333333,1957,1,-0.11
1957.1666666666667,1957,2,-0.04
1957.25,1957,3,-0.06
1957.3333333333333,1957,4,-0.01
1957.4166666666667,1957,5,0.09
1957.5,1957,6,0.16
1957.5833333333333,1957,7,0.01
1957.6666666666667,1957,8,0.15
1957.75,1957,9,0.09
1957.8333333333333,1957,10,0.02
1957.9166666666667,1957,11,0.06
1958,1957,12,0.16
1958.0833333333333,1958,1,0.39
1958.1666666666667,1958,2,0.24
1958.25,1958,3,0.11
1958.3333333333333,1958,4,0.03
1958.4166666666667,1958,5,0.06
1958.5,1958,6,-0.08
1958.5833333333333,1958,7,0.05
1958.6666666666667,1958,8,-0.04
1958.75,1958,9,-0.02
1958.8333333333333,1958,10,0.04
1958.9166666666667,1958,11,0.02
1959,1958,12,0
1959.0833333333333,1959,1,0.08
1959.1666666666667,1959,2,0.08
1959.25,1959,3,0.18
1959.3333333333333,1959,4,0.13
1959.4166666666667,1959,5,0.04
1959.5,1959,6,0.02
1959.5833333333333,1959,7,0.05
1959.6666666666667,1959,8,-0.02
1959.75,1959,9,-0.06
1959.8333333333333,1959,10,-0.09
1959.9166666666667,1959,11,-0.09
1960,1959,12,-0.02
1960.0833333333333,1960,1,-0.01
1960.1666666666667,1960,2,0.16
1960.25,1960,3,-0.34
1960.3333333333333,1960,4,-0.14
1960.4166666666667,1960,5,-0.07
1960.5,1960,6,-0.04
1960.5833333333333,1960,7,-0.03
1960.6666666666667,1960,8,0.01
1960.75,1960,9,0.07
1960.8333333333333,1960,10,0.07
1960.9166666666667,1960,11,-0.12
1961,1960,12,0.18
1961.0833333333333,1961,1,0.07
1961.1666666666667,1961,2,0.19
1961.25,1961,3,0.09
1961.3333333333333,1961,4,0.12
1961.4166666666667,1961,5,0.11
1961.5,1961,6,0.11
1961.5833333333333,1961,7,0
1961.6666666666667,1961,8,0.03
1961.75,1961,9,0.07
1961.8333333333333,1961,10,0
1961.9166666666667,1961,11,0.03
1962,1961,12,-0.15
1962.0833333333333,1962,1,0.07
1962.1666666666667,1962,2,0.14
1962.25,1962,3,0.12
1962.3333333333333,1962,4,0.04
1962.4166666666667,1962,5,-0.04
1962.5,1962,6,0.04
1962.5833333333333,1962,7,0.02
1962.6666666666667,1962,8,-0.01
1962.75,1962,9,0.01
1962.8333333333333,1962,10,0
1962.9166666666667,1962,11,0.07
1963,1962,12,0
1963.0833333333333,1963,1,-0.02
1963.1666666666667,1963,2,0.2
1963.25,1963,3,-0.14
1963.3333333333333,1963,4,-0.06
1963.4166666666667,1963,5,-0.04
1963.5,1963,6,0.05
1963.5833333333333,1963,7,0.08
1963.6666666666667,1963,8,0.27
1963.75,1963,9,0.2
1963.8333333333333,1963,10,0.15
1963.9166666666667,1963,11,0.15
1964,1963,12,-0.01
1964.0833333333333,1964,1,-0.08
1964.1666666666667,1964,2,-0.13
1964.25,1964,3,-0.23
1964.3333333333333,1964,4,-0.31
1964.4166666666667,1964,5,-0.24
1964.5,1964,6,-0.02
1964.5833333333333,1964,7,-0.03
1964.6666666666667,1964,8,-0.21
1964.75,1964,9,-0.29
1964.8333333333333,1964,10,-0.31
1964.9166666666667,1964,11,-0.21
1965,1964,12,-0.3
1965.0833333333333,1965,1,-0.08
1965.1666666666667,1965,2,-0.17
1965.25,1965,3,-0.11
1965.3333333333333,1965,4,-0.19
1965.4166666666667,1965,5,-0.13
1965.5,1965,6,-0.09
1965.5833333333333,1965,7,-0.12
1965.6666666666667,1965,8,-0.03
1965.75,1965,9,-0.16
1965.8333333333333,1965,10,-0.05
1965.9166666666667,1965,11,-0.06
1966,1965,12,-0.06
1966.0833333333333,1966,1,-0.17
1966.1666666666667,1966,2,0
1966.25,1966,3,0.05
1966.3333333333333,1966,4,-0.13
1966.4166666666667,1966,5,-0.11
1966.5,1966,6,0.01
1966.5833333333333,1966,7,0.09
1966.6666666666667,1966,8,-0.08
1966.75,1966,9,-0.02
1966.8333333333333,1966,10,-0.15
1966.9166666666667,1966,11,-0.02
1967,1966,12,-0.05
1967.0833333333333,1967,1,-0.06
1967.1666666666667,1967,2,-0.21
1967.25,1967,3,0.04
1967.3333333333333,1967,4,-0.05
1967.4166666666667,1967,5,0.15
1967.5,1967,6,-0.08
1967.5833333333333,1967,7,0.01
1967.6666666666667,1967,8,0.01
1967.75,1967,9,-0.06
1967.8333333333333,1967,10,0.08
1967.9166666666667,1967,11,-0.06
1968,1967,12,-0.03
1968.0833333333333,1968,1,-0.25
1968.1666666666667,1968,2,-0.15
1968.25,1968,3,0.21
1968.3333333333333,1968,4,-0.05
1968.4166666666667,1968,5,-0.13
1968.5,1968,6,-0.08
1968.5833333333333,1968,7,-0.12
1968.6666666666667,1968,8,-0.09
1968.75,1968,9,-0.18
1968.8333333333333,1968,10,0.11
1968.9166666666667,1968,11,-0.03
1969,1968,12,-0.13
1969.0833333333333,1969,1,-0.11
1969.1666666666667,1969,2,-0.14
1969.25,1969,3,0.01
1969.3333333333333,1969,4,0.18
1969.4166666666667,1969,5,0.19
1969.5,1969,6,0.05
1969.5833333333333,1969,7,-0.03
1969.6666666666667,1969,8,0.03
1969.75,1969,9,0.09
1969.8333333333333,1969,10,0.13
1969.9166666666667,1969,11,0.12
1970,1969,12,0.28
1970.0833333333333,1970,1,0.09
1970.1666666666667,1970,2,0.22
1970.25,1970,3,0.08
1970.3333333333333,1970,4,0.09
1970.4166666666667,1970,5,-0.04
1970.5,1970,6,-0.02
1970.5833333333333,1970,7,-0.02
1970.6666666666667,1970,8,-0.09
1970.75,1970,9,0.11
1970.8333333333333,1970,10,0.06
1970.9166666666667,1970,11,0.02
1971,1970,12,-0.12
1971.0833333333333,1971,1,-0.02
1971.1666666666667,1971,2,-0.2
1971.25,1971,3,-0.17
1971.3333333333333,1971,4,-0.08
1971.4166666666667,1971,5,-0.05
1971.5,1971,6,-0.19
1971.5833333333333,1971,7,-0.11
1971.6666666666667,1971,8,-0.03
1971.75,1971,9,-0.04
1971.8333333333333,1971,10,-0.06
1971.9166666666667,1971,11,-0.05
1972,1971,12,-0.09
1972.0833333333333,1972,1,-0.24
1972.1666666666667,1972,2,-0.16
1972.25,1972,3,0.02
1972.3333333333333,1972,4,0
1972.4166666666667,1972,5,-0.03
1972.5,1972,6,0.06
1972.5833333333333,1972,7,0.01
1972.6666666666667,1972,8,0.17
1972.75,1972,9,0.02
1972.8333333333333,1972,10,0.09
1972.9166666666667,1972,11,0.04
1973,1972,12,0.19
1973.0833333333333,1973,1,0.29
1973.1666666666667,1973,2,0.31
1973.25,1973,3,0.27
1973.3333333333333,1973,4,0.26
1973.4166666666667,1973,5,0.26
1973.5,1973,6,0.18
1973.5833333333333,1973,7,0.1
1973.6666666666667,1973,8,0.04
1973.75,1973,9,0.1
1973.8333333333333,1973,10,0.14
1973.9166666666667,1973,11,0.06
1974,1973,12,-0.06
1974.0833333333333,1974,1,-0.15
1974.1666666666667,1974,2,-0.29
1974.25,1974,3,-0.06
1974.3333333333333,1974,4,-0.12
1974.4166666666667,1974,5,-0.02
1974.5,1974,6,-0.06
1974.5833333333333,1974,7,-0.05
1974.6666666666667,1974,8,0.11
1974.75,1974,9,-0.11
1974.8333333333333,1974,10,-0.08
1974.9166666666667,1974,11,-0.07
1975,1974,12,-0.09
1975.0833333333333,1975,1,0.07
1975.1666666666667,1975,2,0.06
1975.25,1975,3,0.13
1975.3333333333333,1975,4,0.05
1975.4166666666667,1975,5,0.16
1975.5,1975,6,0
1975.5833333333333,1975,7,-0.01
1975.6666666666667,1975,8,-0.19
1975.75,1975,9,-0.03
1975.8333333333333,1975,10,-0.09
1975.9166666666667,1975,11,-0.16
1976,1975,12,-0.17
1976.0833333333333,1976,1,-0.01
1976.1666666666667,1976,2,-0.06
1976.25,1976,3,-0.21
1976.3333333333333,1976,4,-0.08
1976.4166666666667,1976,5,-0.24
1976.5,1976,6,-0.16
1976.5833333333333,1976,7,-0.1
1976.6666666666667,1976,8,-0.15
1976.75,1976,9,-0.09
1976.8333333333333,1976,10,-0.26
1976.9166666666667,1976,11,-0.04
1977,1976,12,0.1
1977.0833333333333,1977,1,0.19
1977.1666666666667,1977,2,0.22
1977.25,1977,3,0.25
1977.3333333333333,1977,4,0.27
1977.4166666666667,1977,5,0.3
1977.5,1977,6,0.24
1977.5833333333333,1977,7,0.2
1977.6666666666667,1977,8,0.16
1977.75,1977,9,0
1977.8333333333333,1977,10,0.02
1977.9166666666667,1977,11,0.17
1978,1977,12,0.03
1978.0833333333333,1978,1,0.07
1978.1666666666667,1978,2,0.14
1978.25,1978,3,0.21
1978.3333333333333,1978,4,0.15
1978.4166666666667,1978,5,0.06
1978.5,1978,6,-0.02
1978.5833333333333,1978,7,0.03
1978.6666666666667,1978,8,-0.17
1978.75,1978,9,0.06
1978.8333333333333,1978,10,0
1978.9166666666667,1978,11,0.16
1979,1978,12,0.1
1979.0833333333333,1979,1,0.12
1979.1666666666667,1979,2,-0.1
1979.25,1979,3,0.18
1979.3333333333333,1979,4,0.13
1979.4166666666667,1979,5,0.06
1979.5,1979,6,0.13
1979.5833333333333,1979,7,0.02
1979.6666666666667,1979,8,0.14
1979.75,1979,9,0.25
1979.8333333333333,1979,10,0.24
1979.9166666666667,1979,11,0.28
1980,1979,12,0.47
1980.0833333333333,1980,1,0.3
1980.1666666666667,1980,2,0.43
1980.25,1980,3,0.3
1980.3333333333333,1980,4,0.33
1980.4166666666667,1980,5,0.36
1980.5,1980,6,0.17
1980.5833333333333,1980,7,0.29
1980.6666666666667,1980,8,0.23
1980.75,1980,9,0.19
1980.8333333333333,1980,10,0.18
1980.9166666666667,1980,11,0.29
1981,1980,12,0.2
1981.0833333333333,1981,1,0.55
1981.1666666666667,1981,2,0.41
1981.25,1981,3,0.49
1981.3333333333333,1981,4,0.32
1981.4166666666667,1981,5,0.24
1981.5,1981,6,0.32
1981.5833333333333,1981,7,0.34
1981.6666666666667,1981,8,0.33
1981.75,1981,9,0.17
1981.8333333333333,1981,10,0.14
1981.9166666666667,1981,11,0.24
1982,1981,12,0.43
1982.0833333333333,1982,1,0.1
1982.1666666666667,1982,2,0.16
1982.25,1982,3,-0.01
1982.3333333333333,1982,4,0.1
1982.4166666666667,1982,5,0.16
1982.5,1982,6,0.05
1982.5833333333333,1982,7,0.13
1982.6666666666667,1982,8,0.07
1982.75,1982,9,0.14
1982.8333333333333,1982,10,0.13
1982.9166666666667,1982,11,0.15
1983,1982,12,0.43
1983.0833333333333,1983,1,0.52
1983.1666666666667,1983,2,0.4
1983.25,1983,3,0.43
1983.3333333333333,1983,4,0.31
1983.4166666666667,1983,5,0.36
1983.5,1983,6,0.2
1983.5833333333333,1983,7,0.17
1983.6666666666667,1983,8,0.33
1983.75,1983,9,0.39
1983.8333333333333,1983,10,0.16
1983.9166666666667,1983,11,0.32
1984,1983,12,0.17
1984.0833333333333,1984,1,0.3
1984.1666666666667,1984,2,0.18
1984.25,1984,3,0.29
1984.3333333333333,1984,4,0.09
1984.4166666666667,1984,5,0.34
1984.5,1984,6,0.06
1984.5833333333333,1984,7,0.17
1984.6666666666667,1984,8,0.16
1984.75,1984,9,0.21
1984.8333333333333,1984,10,0.16
1984.9166666666667,1984,11,0.06
1985,1984,12,-0.05
1985.0833333333333,1985,1,0.22
1985.1666666666667,1985,2,-0.06
1985.25,1985,3,0.17
1985.3333333333333,1985,4,0.11
1985.4166666666667,1985,5,0.17
1985.5,1985,6,0.18
1985.5833333333333,1985,7,0
1985.6666666666667,1985,8,0.15
1985.75,1985,9,0.15
1985.8333333333333,1985,10,0.11
1985.9166666666667,1985,11,0.09
1986,1985,12,0.15
1986.0833333333333,1986,1,0.29
1986.1666666666667,1986,2,0.39
1986.25,1986,3,0.28
1986.3333333333333,1986,4,0.24
1986.4166666666667,1986,5,0.25
1986.5,1986,6,0.11
1986.5833333333333,1986,7,0.11
1986.6666666666667,1986,8,0.12
1986.75,1986,9,0
1986.8333333333333,1986,10,0.13
1986.9166666666667,1986,11,0.12
1987,1986,12,0.17
1987.0833333333333,1987,1,0.36
1987.1666666666667,1987,2,0.46
1987.25,1987,3,0.16
1987.3333333333333,1987,4,0.23
1987.4166666666667,1987,5,0.26
1987.5,1987,6,0.37
1987.5833333333333,1987,7,0.46
1987.6666666666667,1987,8,0.29
1987.75,1987,9,0.39
1987.8333333333333,1987,10,0.32
1987.9166666666667,1987,11,0.26
1988,1987,12,0.48
1988.0833333333333,1988,1,0.58
1988.1666666666667,1988,2,0.43
1988.25,1988,3,0.51
1988.3333333333333,1988,4,0.45
1988.4166666666667,1988,5,0.44
1988.5,1988,6,0.43
1988.5833333333333,1988,7,0.35
1988.6666666666667,1988,8,0.47
1988.75,1988,9,0.41
1988.8333333333333,1988,10,0.4
1988.9166666666667,1988,11,0.12
1989,1988,12,0.33
1989.0833333333333,1989,1,0.15
1989.1666666666667,1989,2,0.35
1989.25,1989,3,0.37
1989.3333333333333,1989,4,0.33
1989.4166666666667,1989,5,0.17
1989.5,1989,6,0.15
1989.5833333333333,1989,7,0.34
1989.6666666666667,1989,8,0.37
1989.75,1989,9,0.37
1989.8333333333333,1989,10,0.32
1989.9166666666667,1989,11,0.2
1990,1989,12,0.39
1990.0833333333333,1990,1,0.41
1990.1666666666667,1990,2,0.41
1990.25,1990,3,0.77
1990.3333333333333,1990,4,0.55
1990.4166666666667,1990,5,0.46
1990.5,1990,6,0.39
1990.5833333333333,1990,7,0.44
1990.6666666666667,1990,8,0.31
1990.75,1990,9,0.29
1990.8333333333333,1990,10,0.41
1990.9166666666667,1990,11,0.45
1991,1990,12,0.41
1991.0833333333333,1991,1,0.41
1991.1666666666667,1991,2,0.49
1991.25,1991,3,0.35
1991.3333333333333,1991,4,0.52
1991.4166666666667,1991,5,0.38
1991.5,1991,6,0.53
1991.5833333333333,1991,7,0.47
1991.6666666666667,1991,8,0.39
1991.75,1991,9,0.48
1991.8333333333333,1991,10,0.3
1991.9166666666667,1991,11,0.31
1992,1991,12,0.32
1992.0833333333333,1992,1,0.44
1992.1666666666667,1992,2,0.42
1992.25,1992,3,0.47
1992.3333333333333,1992,4,0.23
1992.4166666666667,1992,5,0.32
1992.5,1992,6,0.26
1992.5833333333333,1992,7,0.12
1992.6666666666667,1992,8,0.07
1992.75,1992,9,0
1992.8333333333333,1992,10,0.09
1992.9166666666667,1992,11,0.03
1993,1992,12,0.22
1993.0833333333333,1993,1,0.37
1993.1666666666667,1993,2,0.39
1993.25,1993,3,0.36
1993.3333333333333,1993,4,0.27
1993.4166666666667,1993,5,0.27
1993.5,1993,6,0.25
1993.5833333333333,1993,7,0.28
1993.6666666666667,1993,8,0.13
1993.75,1993,9,0.1
1993.8333333333333,1993,10,0.22
1993.9166666666667,1993,11,0.06
1994,1993,12,0.16
1994.0833333333333,1994,1,0.27
1994.1666666666667,1994,2,0.02
1994.25,1994,3,0.27
1994.3333333333333,1994,4,0.41
1994.4166666666667,1994,5,0.28
1994.5,1994,6,0.43
1994.5833333333333,1994,7,0.31
1994.6666666666667,1994,8,0.21
1994.75,1994,9,0.29
1994.8333333333333,1994,10,0.41
1994.9166666666667,1994,11,0.46
1995,1994,12,0.36
1995.0833333333333,1995,1,0.51
1995.1666666666667,1995,2,0.78
1995.25,1995,3,0.45
1995.3333333333333,1995,4,0.48
1995.4166666666667,1995,5,0.26
1995.5,1995,6,0.41
1995.5833333333333,1995,7,0.48
1995.6666666666667,1995,8,0.46
1995.75,1995,9,0.32
1995.8333333333333,1995,10,0.47
1995.9166666666667,1995,11,0.45
1996,1995,12,0.28
1996.0833333333333,1996,1,0.25
1996.1666666666667,1996,2,0.48
1996.25,1996,3,0.32
1996.3333333333333,1996,4,0.36
1996.4166666666667,1996,5,0.27
1996.5,1996,6,0.25
1996.5833333333333,1996,7,0.35
1996.6666666666667,1996,8,0.49
1996.75,1996,9,0.25
1996.8333333333333,1996,10,0.19
1996.9166666666667,1996,11,0.41
1997,1996,12,0.4
1997.0833333333333,1997,1,0.31
1997.1666666666667,1997,2,0.38
1997.25,1997,3,0.53
1997.3333333333333,1997,4,0.36
1997.4166666666667,1997,5,0.36
1997.5,1997,6,0.53
1997.5833333333333,1997,7,0.34
1997.6666666666667,1997,8,0.41
1997.75,1997,9,0.53
1997.8333333333333,1997,10,0.62
1997.9166666666667,1997,11,0.64
1998,1997,12,0.59
1998.0833333333333,1998,1,0.6
1998.1666666666667,1998,2,0.9
1998.25,1998,3,0.64
1998.3333333333333,1998,4,0.63
1998.4166666666667,1998,5,0.69
1998.5,1998,6,0.77
1998.5833333333333,1998,7,0.68
1998.6666666666667,1998,8,0.66
1998.75,1998,9,0.42
1998.8333333333333,1998,10,0.45
1998.9166666666667,1998,11,0.49
1999,1998,12,0.56
1999.0833333333333,1999,1,0.48
1999.1666666666667,1999,2,0.65
1999.25,1999,3,0.35
1999.3333333333333,1999,4,0.32
1999.4166666666667,1999,5,0.31
1999.5,1999,6,0.37
1999.5833333333333,1999,7,0.37
1999.6666666666667,1999,8,0.31
1999.75,1999,9,0.41
1999.8333333333333,1999,10,0.39
1999.9166666666667,1999,11,0.38
2000,1999,12,0.43
2000.0833333333333,2000,1,0.24
2000.1666666666667,2000,2,0.56
2000.25,2000,3,0.57
2000.3333333333333,2000,4,0.57
2000.4166666666667,2000,5,0.36
2000.5,2000,6,0.41
2000.5833333333333,2000,7,0.39
2000.6666666666667,2000,8,0.42
2000.75,2000,9,0.4
2000.8333333333333,2000,10,0.28
2000.9166666666667,2000,11,0.32
2001,2000,12,0.29
2001.0833333333333,2001,1,0.42
2001.1666666666667,2001,2,0.44
2001.25,2001,3,0.56
2001.3333333333333,2001,4,0.51
2001.4166666666667,2001,5,0.57
2001.5,2001,6,0.54
2001.5833333333333,2001,7,0.6
2001.6666666666667,2001,8,0.48
2001.75,2001,9,0.54
2001.8333333333333,2001,10,0.51
2001.9166666666667,2001,11,0.7
2002,2001,12,0.55
2002.0833333333333,2002,1,0.75
2002.1666666666667,2002,2,0.75
2002.25,2002,3,0.9
2002.3333333333333,2002,4,0.56
2002.4166666666667,2002,5,0.64
2002.5,2002,6,0.55
2002.5833333333333,2002,7,0.61
2002.6666666666667,2002,8,0.53
2002.75,2002,9,0.62
2002.8333333333333,2002,10,0.55
2002.9166666666667,2002,11,0.58
2003,2002,12,0.44
2003.0833333333333,2003,1,0.73
2003.1666666666667,2003,2,0.55
2003.25,2003,3,0.58
2003.3333333333333,2003,4,0.53
2003.4166666666667,2003,5,0.61
2003.5,2003,6,0.48
2003.5833333333333,2003,7,0.53
2003.6666666666667,2003,8,0.65
2003.75,2003,9,0.64
2003.8333333333333,2003,10,0.74
2003.9166666666667,2003,11,0.52
2004,2003,12,0.73
2004.0833333333333,2004,1,0.58
2004.1666666666667,2004,2,0.72
2004.25,2004,3,0.65
2004.3333333333333,2004,4,0.63
2004.4166666666667,2004,5,0.39
2004.5,2004,6,0.43
2004.5833333333333,2004,7,0.24
2004.6666666666667,2004,8,0.43
2004.75,2004,9,0.5
2004.8333333333333,2004,10,0.64
2004.9166666666667,2004,11,0.7
2005,2004,12,0.49
2005.0833333333333,2005,1,0.71
2005.1666666666667,2005,2,0.56
2005.25,2005,3,0.71
2005.3333333333333,2005,4,0.67
2005.4166666666667,2005,5,0.63
2005.5,2005,6,0.66
2005.5833333333333,2005,7,0.64
2005.6666666666667,2005,8,0.6
2005.75,2005,9,0.74
2005.8333333333333,2005,10,0.76
2005.9166666666667,2005,11,0.72
2006,2005,12,0.65
2006.0833333333333,2006,1,0.56
2006.1666666666667,2006,2,0.68
2006.25,2006,3,0.61
2006.3333333333333,2006,4,0.5
2006.4166666666667,2006,5,0.47
2006.5,2006,6,0.64
2006.5833333333333,2006,7,0.52
2006.6666666666667,2006,8,0.7
2006.75,2006,9,0.61
2006.8333333333333,2006,10,0.67
2006.9166666666667,2006,11,0.69
2007,2006,12,0.73
2007.0833333333333,2007,1,0.94
2007.1666666666667,2007,2,0.7
2007.25,2007,3,0.68
2007.3333333333333,2007,4,0.73
2007.4166666666667,2007,5,0.66
2007.5,2007,6,0.59
2007.5833333333333,2007,7,0.59
2007.6666666666667,2007,8,0.57
2007.75,2007,9,0.59
2007.8333333333333,2007,10,0.57
2007.9166666666667,2007,11,0.55
2008,2007,12,0.45
2008.0833333333333,2008,1,0.23
2008.1666666666667,2008,2,0.33
2008.25,2008,3,0.73
2008.3333333333333,2008,4,0.51
2008.4166666666667,2008,5,0.47
2008.5,2008,6,0.45
2008.5833333333333,2008,7,0.58
2008.6666666666667,2008,8,0.43
2008.75,2008,9,0.62
2008.8333333333333,2008,10,0.62
2008.9166666666667,2008,11,0.65
2009,2008,12,0.52
2009.0833333333333,2009,1,0.61
2009.1666666666667,2009,2,0.5
2009.25,2009,3,0.52
2009.3333333333333,2009,4,0.58
2009.4166666666667,2009,5,0.64
2009.5,2009,6,0.65
2009.5833333333333,2009,7,0.7
2009.6666666666667,2009,8,0.66
2009.75,2009,9,0.68
2009.8333333333333,2009,10,0.63
2009.9166666666667,2009,11,0.75
2010,2009,12,0.65
2010.0833333333333,2010,1,0.73
2010.1666666666667,2010,2,0.79
2010.25,2010,3,0.92
2010.3333333333333,2010,4,0.85
2010.4166666666667,2010,5,0.73
2010.5,2010,6,0.62
2010.5833333333333,2010,7,0.59
2010.6666666666667,2010,8,0.62
2010.75,2010,9,0.59
2010.8333333333333,2010,10,0.69
2010.9166666666667,2010,11,0.77
2011,2010,12,0.46
2011.0833333333333,2011,1,0.48
2011.1666666666667,2011,2,0.5
2011.25,2011,3,0.62
2011.3333333333333,2011,4,0.62
2011.4166666666667,2011,5,0.51
2011.5,2011,6,0.57
2011.5833333333333,2011,7,0.71
2011.6666666666667,2011,8,0.71
2011.75,2011,9,0.54
2011.8333333333333,2011,10,0.62
2011.9166666666667,2011,11,0.55
2012,2011,12,0.52
2012.0833333333333,2012,1,0.44
2012.1666666666667,2012,2,0.47
2012.25,2012,3,0.55
2012.3333333333333,2012,4,0.67
2012.4166666666667,2012,5,0.74
2012.5,2012,6,0.62
2012.5833333333333,2012,7,0.53
2012.6666666666667,2012,8,0.61
2012.75,2012,9,0.72
2012.8333333333333,2012,10,0.74
2012.9166666666667,2012,11,0.73
2013,2012,12,0.52
2013.0833333333333,2013,1,0.66
2013.1666666666667,2013,2,0.54
2013.25,2013,3,0.65
2013.3333333333333,2013,4,0.53
2013.4166666666667,2013,5,0.57
2013.5,2013,6,0.65
2013.5833333333333,2013,7,0.57
2013.6666666666667,2013,8,0.66
2013.75,2013,9,0.77
2013.8333333333333,2013,10,0.66
2013.9166666666667,2013,11,0.77
2014,2013,12,0.65
2014.0833333333333,2014,1,0.72
2014.1666666666667,2014,2,0.51
2014.25,2014,3,0.75
2014.3333333333333,2014,4,0.76
2014.4166666666667,2014,5,0.85
2014.5,2014,6,0.66
2014.5833333333333,2014,7,0.55
2014.6666666666667,2014,8,0.8
2014.75,2014,9,0.88
2014.8333333333333,2014,10,0.8
2014.9166666666667,2014,11,0.65
2015,2014,12,0.77
2015.0833333333333,2015,1,0.81
2015.1666666666667,2015,2,0.86
2015.25,2015,3,0.89
2015.3333333333333,2015,4,0.74
2015.4166666666667,2015,5,0.75
2015.5,2015,6,0.78
2015.5833333333333,2015,7,0.71
2015.6666666666667,2015,8,0.78
2015.75,2015,9,0.81
2015.8333333333333,2015,10,1.06
2015.9166666666667,2015,11,1.02
2016,2015,12,1.1
2016.0833333333333,2016,1,1.15
2016.1666666666667,2016,2,1.33
2016.25,2016,3,1.3
2016.3333333333333,2016,4,1.07
2016.4166666666667,2016,5,0.9
2016.5,2016,6,0.77
2016.5833333333333,2016,7,0.81
2016.6666666666667,2016,8,1
2016.75,2016,9,0.87
2016.8333333333333,2016,10,0.89
2016.9166666666667,2016,11,0.9
2017,2016,12,0.83
2017.0833333333333,2017,1,0.97
2017.1666666666667,2017,2,1.12
2017.25,2017,3,1.12
2017.3333333333333,2017,4,0.92
2017.4166666666667,2017,5,0.88
2017.5,2017,6,0.69
2017.5833333333333,2017,7,0.82
2017.6666666666667,2017,8,0.86
2017.75,2017,9,0.75
2017.8333333333333,2017,10,0.87
2017.9166666666667,2017,11,0.85
2018,2017,12,0.89
2018.0833333333333,2018,1,0.77
2018.1666666666667,2018,2,0.84
2018.25,2018,3,0.91
2018.3333333333333,2018,4,0.87
2018.4166666666667,2018,5,0.81
2018.5,2018,6,0.74
2018.5833333333333,2018,7,0.78
2018.6666666666667,2018,8,0.73
2018.75,2018,9,0.75
2018.8333333333333,2018,10,0.99
2018.9166666666667,2018,11,0.78
2019,2018,12,0.89
2019.0833333333333,2019,1,0.88
2019.1666666666667,2019,2,NA
2019.25,2019,3,NA
2019.3333333333333,2019,4,NA
2019.4166666666667,2019,5,NA
2019.5,2019,6,NA
2019.5833333333333,2019,7,NA
2019.6666666666667,2019,8,NA
2019.75,2019,9,NA
2019.8333333333333,2019,10,NA
2019.9166666666667,2019,11,NA
2020,2019,12,NA
